ID,Date,mites/g,erios/g,grams_dry_weight,Eriophyoids,Other Mites,Block,Treatment,Field,N,Month
Pheno 1,2021-06-11T00:00:00Z,0.19453360568038128,0,10.281,0,2,A,Kontos,Tallahassee,48,June
Pheno 2,2021-06-11T00:00:00Z,0,10.343206393982134,10.635,110,0,A,Water,Tallahassee,48,June
Pheno 3,2021-06-11T00:00:00Z,0.7190106413574922,9.0595340811044,6.954,63,5,A,Mites,Tallahassee,48,June
Pheno 4,2021-06-11T00:00:00Z,0.4544938075218725,5.45392569026247,8.801,48,4,A,Mites + Actigard,Tallahassee,48,June
Pheno 5,2021-06-11T00:00:00Z,0,2.0767296972346707,9.149,19,0,A,Actigard,Tallahassee,48,June
Pheno 6,2021-06-11T00:00:00Z,1.0310164103445314,8.505885385342383,11.639,99,12,A,Water,Tallahassee,48,June
Pheno 7,2021-06-11T00:00:00Z,0.38465237042023276,0.19232618521011638,10.399,2,4,A,Kontos,Tallahassee,48,June
Pheno 8,2021-06-11T00:00:00Z,1.8830849844440805,3.193057147535615,12.214,39,23,A,Mites,Tallahassee,48,June
Pheno 9,2021-06-11T00:00:00Z,0.7195723684210527,1.0279605263157896,9.728,10,7,A,Mites + Actigard,Tallahassee,48,June
Pheno 10,2021-06-11T00:00:00Z,0.3123048094940662,3.4353529044347284,9.606,33,3,A,Actigard,Tallahassee,48,June
Pheno 11,2021-06-11T00:00:00Z,0.5375862377923125,2.3295403637666876,11.161,26,6,C,Untreated,Tallahassee,48,June
Pheno 12,2021-06-11T00:00:00Z,0,0.7067692790953354,12.734,9,0,C,Untreated,Tallahassee,48,June
Pheno 13,2021-06-11T00:00:00Z,0.206654267410622,1.0332713370531101,9.678,10,2,C,Untreated,Tallahassee,48,June
Pheno 14,2021-06-11T00:00:00Z,0,0.2119093028183937,9.438,2,0,C,Untreated,Tallahassee,48,June
Pheno 15,2021-06-11T00:00:00Z,0.4792879150975693,2.327969873331051,14.605,34,7,B,Mites,Tallahassee,48,June
Pheno 16,2021-06-11T00:00:00Z,0.670555890833501,4.224502112251056,14.913,63,10,B,Mites + Actigard,Tallahassee,48,June
Pheno 17,2021-06-11T00:00:00Z,0.08063215610385423,1.2901144976616676,12.402,16,1,B,Actigard,Tallahassee,48,June
Pheno 18,2021-06-11T00:00:00Z,0.9583133684714901,5.869669381887877,8.348,49,8,B,Water,Tallahassee,48,June
Pheno 19,2021-06-11T00:00:00Z,0.07787555486332841,0,12.841,0,1,B,Kontos,Tallahassee,48,June
Pheno 20,2021-06-11T00:00:00Z,0.30562347188264055,3.463732681336593,9.816,34,3,B,Mites,Tallahassee,48,June
Pheno 21,2021-06-11T00:00:00Z,1.2882171075231879,6.698728959120577,11.644,78,15,B,Mites + Actigard,Tallahassee,48,June
Pheno 22,2021-06-11T00:00:00Z,0.42614847012699225,1.6193641864825705,11.733,19,5,B,Actigard,Tallahassee,48,June
Pheno 23,2021-06-11T00:00:00Z,0.6222775357809583,0,9.642,0,6,B,Kontos,Tallahassee,48,June
Pheno 24,2021-06-11T00:00:00Z,0.4280363830925628,2.7822364901016585,9.345,26,4,B,Water,Tallahassee,48,June
Pheno 1,2021-06-17T00:00:00Z,0.6217616580310881,0.10362694300518134,9.65,1,6,A,Kontos,Tallahassee,48,June
Pheno 2,2021-06-17T00:00:00Z,0,9.549924357034795,10.576,101,0,A,Water,Tallahassee,48,June
Pheno 3,2021-06-17T00:00:00Z,0,6.9105691056910565,12.3,85,0,A,Mites,Tallahassee,48,June
Pheno 4,2021-06-17T00:00:00Z,0.476114902396445,16.18790668147913,6.301,102,3,A,Mites + Actigard,Tallahassee,48,June
Pheno 5,2021-06-17T00:00:00Z,0.1474056603773585,9.507665094339623,13.568,129,2,A,Actigard,Tallahassee,48,June
Pheno 6,2021-06-17T00:00:00Z,0.0963948332369385,1.156737998843262,10.374,12,1,A,Water,Tallahassee,48,June
Pheno 7,2021-06-17T00:00:00Z,0.16462260268334844,0.5761791093917196,12.149,7,2,A,Kontos,Tallahassee,48,June
Pheno 8,2021-06-17T00:00:00Z,1.3297872340425532,2.9013539651837523,8.272,24,11,A,Mites,Tallahassee,48,June
Pheno 9,2021-06-17T00:00:00Z,0.27075812274368233,8.844765342960288,11.08,98,3,A,Mites + Actigard,Tallahassee,48,June
Pheno 10,2021-06-17T00:00:00Z,0.2738225629791895,3.4684191310697337,10.956,38,3,A,Actigard,Tallahassee,48,June
Pheno 11,2021-06-17T00:00:00Z,0.2789089083505327,0.7251631617113851,17.927,13,5,C,Untreated,Tallahassee,48,June
Pheno 12,2021-06-17T00:00:00Z,0.323807981866753,1.6999919048004533,12.353,21,4,C,Untreated,Tallahassee,48,June
Pheno 13,2021-06-17T00:00:00Z,0.8641975308641976,0.7407407407407408,8.1,6,7,C,Untreated,Tallahassee,48,June
Pheno 14,2021-06-17T00:00:00Z,0.2687208885704049,0.5374417771408098,11.164,6,3,C,Untreated,Tallahassee,48,June
Pheno 15,2021-06-17T00:00:00Z,0.3211922656902422,6.4238453138048435,15.567,100,5,B,Mites,Tallahassee,48,June
Pheno 16,2021-06-17T00:00:00Z,1.4354066985645932,2.5974025974025974,14.63,38,21,B,Mites + Actigard,Tallahassee,48,June
Pheno 17,2021-06-17T00:00:00Z,0.922112251798119,0.49179320095899676,16.267,8,15,B,Actigard,Tallahassee,48,June
Pheno 18,2021-06-17T00:00:00Z,0.3692080487354624,3.8766845117223556,10.834,42,4,B,Water,Tallahassee,48,June
Pheno 19,2021-06-17T00:00:00Z,0,0,13.874,0,0,B,Kontos,Tallahassee,48,June
Pheno 20,2021-06-17T00:00:00Z,0.1757006061670913,8.0822278836862,11.383,92,2,B,Mites,Tallahassee,48,June
Pheno 21,2021-06-17T00:00:00Z,0.3959611958028113,5.543456741239359,5.051,28,2,B,Mites + Actigard,Tallahassee,48,June
Pheno 22,2021-06-17T00:00:00Z,1.3146886578223973,11.712680769690449,8.367,98,11,B,Actigard,Tallahassee,48,June
Pheno 23,2021-06-17T00:00:00Z,0.4636606004404775,0,8.627,0,4,B,Kontos,Tallahassee,48,June
Pheno 24,2021-06-17T00:00:00Z,0.23090688679789875,6.6385729954395885,17.323,115,4,B,Water,Tallahassee,48,June
Pheno 1,2021-06-24T00:00:00Z,1.1031439602868174,0,7.252,0,8,A,Kontos,Tallahassee,48,June
Pheno 2,2021-06-24T00:00:00Z,0.2796420581655481,4.7539149888143175,7.152,34,2,A,Water,Tallahassee,48,June
Pheno 3,2021-06-24T00:00:00Z,0.37650602409638556,7.279116465863454,7.968,58,3,A,Mites,Tallahassee,48,June
Pheno 4,2021-06-24T00:00:00Z,2.730046571382688,12.68668700819014,6.227,79,17,A,Mites + Actigard,Tallahassee,48,June
Pheno 5,2021-06-24T00:00:00Z,0.18670649738610903,6.908140403286034,5.356,37,1,A,Actigard,Tallahassee,48,June
Pheno 6,2021-06-24T00:00:00Z,1.296711069197218,11.434633973830012,8.483,97,11,A,Water,Tallahassee,48,June
Pheno 7,2021-06-24T00:00:00Z,0.1300728407908429,0.2601456815816858,7.688,2,1,A,Kontos,Tallahassee,48,June
Pheno 8,2021-06-24T00:00:00Z,0.5179259941301722,2.934913966737642,17.377,51,9,A,Mites,Tallahassee,48,June
Pheno 9,2021-06-24T00:00:00Z,0,0.48828125,10.24,5,0,A,Mites + Actigard,Tallahassee,48,June
Pheno 10,2021-06-24T00:00:00Z,2.2750775594622543,1.723543605653223,14.505,25,33,A,Actigard,Tallahassee,48,June
Pheno 11,2021-06-24T00:00:00Z,0.9677865339416564,6.497995299322549,7.233,47,7,C,Untreated,Tallahassee,48,June
Pheno 12,2021-06-24T00:00:00Z,1.034340091021928,1.3446421183285064,19.336,26,20,C,Untreated,Tallahassee,48,June
Pheno 13,2021-06-24T00:00:00Z,2.8305400372439475,0.8193668528864059,13.425,11,38,C,Untreated,Tallahassee,48,June
Pheno 14,2021-06-24T00:00:00Z,10.608800482218204,0.3616636528028933,8.295,3,88,C,Untreated,Tallahassee,48,June
Pheno 15,2021-06-24T00:00:00Z,1.4297539318233126,7.525020693806908,13.289,100,19,B,Mites,Tallahassee,48,June
Pheno 16,2021-06-24T00:00:00Z,2.207505518763797,8.758812219611194,14.043,123,31,B,Mites + Actigard,Tallahassee,48,June
Pheno 17,2021-06-24T00:00:00Z,3.2266738370529713,6.184458187684862,7.438,46,24,B,Actigard,Tallahassee,48,June
Pheno 18,2021-06-24T00:00:00Z,1.06204088857421,6.195238516682893,11.299,70,12,B,Water,Tallahassee,48,June
Pheno 19,2021-06-24T00:00:00Z,0.3270645952575634,0.08176614881439084,12.23,1,4,B,Kontos,Tallahassee,48,June
Pheno 20,2021-06-24T00:00:00Z,0.44630902436847275,7.319467999642953,11.203,82,5,B,Mites,Tallahassee,48,June
Pheno 21,2021-06-24T00:00:00Z,1.2007684918347743,6.964457252641691,4.164,29,5,B,Mites + Actigard,Tallahassee,48,June
Pheno 22,2021-06-24T00:00:00Z,1.0046885465505693,24.78231748158071,2.986,74,3,B,Actigard,Tallahassee,48,June
Pheno 23,2021-06-24T00:00:00Z,2.316391879002589,8.720534132715628,7.339,64,17,B,Kontos,Tallahassee,48,June
Pheno 24,2021-06-24T00:00:00Z,3.614259898143585,5.421389847215377,6.087,33,22,B,Water,Tallahassee,48,June
Pheno 1,2021-06-30T00:00:00Z,0.5346005346005346,0.1782001782001782,33.67,6,18,A,Kontos,Tallahassee,48,June
Pheno 2,2021-06-30T00:00:00Z,1.2704174228675136,6.170598911070781,5.51,34,7,A,Water,Tallahassee,48,June
Pheno 3,2021-06-30T00:00:00Z,1.3473457289140394,30.45001347345729,3.711,113,5,A,Mites,Tallahassee,48,June
Pheno 4,2021-06-30T00:00:00Z,1.928211213289825,24.77009789380006,6.742,167,13,A,Mites + Actigard,Tallahassee,48,June
Pheno 5,2021-06-30T00:00:00Z,2.070393374741201,16.26737651582372,3.381,55,7,A,Actigard,Tallahassee,48,June
Pheno 6,2021-06-30T00:00:00Z,1.870748299319728,19.5578231292517,5.88,115,11,A,Water,Tallahassee,48,June
Pheno 7,2021-06-30T00:00:00Z,0.19603999215840032,0.7841599686336013,5.101,4,1,A,Kontos,Tallahassee,48,June
Pheno 8,2021-06-30T00:00:00Z,1.392757660167131,1.392757660167131,4.308,6,6,A,Mites,Tallahassee,48,June
Pheno 9,2021-06-30T00:00:00Z,3.2378580323785804,4.2341220423412205,4.015,17,13,A,Mites + Actigard,Tallahassee,48,June
Pheno 10,2021-06-30T00:00:00Z,1.1924636298592894,15.74051991414262,4.193,66,5,A,Actigard,Tallahassee,48,June
Pheno 11,2021-06-30T00:00:00Z,0,2.663115845539281,7.51,20,0,C,Untreated,Tallahassee,48,June
Pheno 12,2021-06-30T00:00:00Z,0.40203698740284105,0.5360493165371214,7.462,4,3,C,Untreated,Tallahassee,48,June
Pheno 13,2021-06-30T00:00:00Z,4.640371229698376,1.3258203513423932,3.017,4,14,C,Untreated,Tallahassee,48,June
Pheno 14,2021-06-30T00:00:00Z,2.097692538207971,1.1986814504045549,3.337,4,7,C,Untreated,Tallahassee,48,June
Pheno 15,2021-06-30T00:00:00Z,1.070663811563169,8.718262465585806,6.538,57,7,B,Mites,Tallahassee,48,June
Pheno 16,2021-06-30T00:00:00Z,8.449216687202957,15.842281288505545,5.681,90,48,B,Mites + Actigard,Tallahassee,48,June
Pheno 17,2021-06-30T00:00:00Z,4.151530877010898,5.708354955889985,5.781,33,24,B,Actigard,Tallahassee,48,June
Pheno 18,2021-06-30T00:00:00Z,0.6391818472355385,35.155001597954616,3.129,110,2,B,Water,Tallahassee,48,June
Pheno 19,2021-06-30T00:00:00Z,0.6151007227433493,0.15377518068583731,6.503,1,4,B,Kontos,Tallahassee,48,June
Pheno 20,2021-06-30T00:00:00Z,0.4021717273275689,12.467323547154635,4.973,62,2,B,Mites,Tallahassee,48,June
Pheno 21,2021-06-30T00:00:00Z,5.14668039114771,16.46937725167267,1.943,32,10,B,Mites + Actigard,Tallahassee,48,June
Pheno 22,2021-06-30T00:00:00Z,0.9416195856873822,19.774011299435028,2.124,42,2,B,Actigard,Tallahassee,48,June
Pheno 23,2021-06-30T00:00:00Z,3.579952267303103,1.7899761336515514,1.676,3,6,B,Kontos,Tallahassee,48,June
Pheno 24,2021-06-30T00:00:00Z,1.3225326500247974,17.027607869069268,6.049,103,8,B,Water,Tallahassee,48,June
Pheno 1,2021-05-26T00:00:00Z,0.3856239395341663,2.9307419404596637,12.966,38,5,A,Kontos,Tallahassee,48,May
Pheno 2,2021-05-26T00:00:00Z,0.3465804066543438,6.180683918669131,17.312,107,6,A,Water,Tallahassee,48,May
Pheno 3,2021-05-26T00:00:00Z,0.719225449515906,0.8298755186721992,18.075,15,13,A,Mites,Tallahassee,48,May
Pheno 4,2021-05-26T00:00:00Z,0.05544774050457444,0.33268644302744665,18.035,6,1,A,Mites + Actigard,Tallahassee,48,May
Pheno 5,2021-05-26T00:00:00Z,0.06256647688168679,0.25026590752674716,15.983,4,1,A,Actigard,Tallahassee,48,May
Pheno 6,2021-05-26T00:00:00Z,0.2080876742734272,3.1906776721925505,14.417,46,3,A,Water,Tallahassee,48,May
Pheno 7,2021-05-26T00:00:00Z,0.16314100821143077,0.16314100821143077,18.389,3,3,A,Kontos,Tallahassee,48,May
Pheno 8,2021-05-26T00:00:00Z,0.3498338289312577,6.2095504635298235,11.434,71,4,A,Mites,Tallahassee,48,May
Pheno 9,2021-05-26T00:00:00Z,0.14778325123152708,1.3300492610837438,20.3,27,3,A,Mites + Actigard,Tallahassee,48,May
Pheno 10,2021-05-26T00:00:00Z,0.21504220203214883,0.6451266060964465,18.601,12,4,A,Actigard,Tallahassee,48,May
Pheno 11,2021-05-26T00:00:00Z,1.0726325467361324,1.225865767698437,6.526,8,7,C,Untreated,Tallahassee,48,May
Pheno 12,2021-05-26T00:00:00Z,0.9785533719318275,0.8970072576041752,12.263,11,12,C,Untreated,Tallahassee,48,May
Pheno 13,2021-05-26T00:00:00Z,0.6708544245898641,0.7928279563334757,16.397,13,11,C,Untreated,Tallahassee,48,May
Pheno 14,2021-05-26T00:00:00Z,1.748985588358752,0.5596753882748006,14.294,8,25,C,Untreated,Tallahassee,48,May
Pheno 15,2021-05-26T00:00:00Z,0.4719814640006865,0.7294258989101519,23.306,17,11,B,Mites,Tallahassee,48,May
Pheno 16,2021-05-26T00:00:00Z,0.6228589224540642,0.8897984606486631,22.477,20,14,B,Mites + Actigard,Tallahassee,48,May
Pheno 17,2021-05-26T00:00:00Z,1.1691348402182387,0.8768511301636789,20.528,18,24,B,Actigard,Tallahassee,48,May
Pheno 18,2021-05-26T00:00:00Z,1.6813787305590586,0.7205908845253108,16.653,12,28,B,Water,Tallahassee,48,May
Pheno 19,2021-05-26T00:00:00Z,1.160704864408568,0.42207449614857023,18.954,8,22,B,Kontos,Tallahassee,48,May
Pheno 20,2021-05-26T00:00:00Z,0.5585392051557465,0.47261009667024706,23.275,11,13,B,Mites,Tallahassee,48,May
Pheno 21,2021-05-26T00:00:00Z,0.22867596615595703,1.8294077292476563,21.865,40,5,B,Mites + Actigard,Tallahassee,48,May
Pheno 22,2021-05-26T00:00:00Z,0.24813895781637718,0.9511993382961125,24.18,23,6,B,Actigard,Tallahassee,48,May
Pheno 23,2021-05-26T00:00:00Z,0.8120372581800812,1.289706233580129,20.935,27,17,B,Kontos,Tallahassee,48,May
Pheno 24,2021-05-26T00:00:00Z,0.3370894731773091,1.6372917268612155,20.766,34,7,B,Water,Tallahassee,48,May
Pheno 1,2021-06-02T00:00:00Z,0.6888633754305397,0.9950248756218906,13.065,13,9,A,Kontos,Tallahassee,48,June
Pheno 2,2021-06-02T00:00:00Z,0.5335772543638997,4.4972940010671545,13.119,59,7,A,Water,Tallahassee,48,June
Pheno 3,2021-06-02T00:00:00Z,0.9131661962477171,5.229951851236925,12.046,63,11,A,Mites,Tallahassee,48,June
Pheno 4,2021-06-02T00:00:00Z,0.3867616995414111,3.8123653240510524,18.099,69,7,A,Mites + Actigard,Tallahassee,48,June
Pheno 5,2021-06-02T00:00:00Z,1.0003572704537336,7.645587709896392,13.995,107,14,A,Actigard,Tallahassee,48,June
Pheno 6,2021-06-02T00:00:00Z,0.5197842895198492,9.745955428497174,15.391,150,8,A,Water,Tallahassee,48,June
Pheno 7,2021-06-02T00:00:00Z,0.3787639669212802,0.3787639669212802,15.841,6,6,A,Kontos,Tallahassee,48,June
Pheno 8,2021-06-02T00:00:00Z,0.8089104598344844,4.169000062223881,16.071,67,13,A,Mites,Tallahassee,48,June
Pheno 9,2021-06-02T00:00:00Z,0.9883050568275408,5.353319057815846,12.142,65,12,A,Mites + Actigard,Tallahassee,48,June
Pheno 10,2021-06-02T00:00:00Z,0.4471383147853736,4.670111287758346,20.128,94,9,A,Actigard,Tallahassee,48,June
Pheno 11,2021-06-02T00:00:00Z,0.46620046620046623,0.9324009324009325,10.725,10,5,C,Untreated,Tallahassee,48,June
Pheno 12,2021-06-02T00:00:00Z,1.011784311391501,0.5356505177955005,16.802,9,17,C,Untreated,Tallahassee,48,June
Pheno 13,2021-06-02T00:00:00Z,0.44940934771443247,2.311248073959938,15.576,36,7,C,Untreated,Tallahassee,48,June
Pheno 14,2021-06-02T00:00:00Z,0.5925048141016146,3.1106502740334765,13.502,42,8,C,Untreated,Tallahassee,48,June
Pheno 15,2021-06-02T00:00:00Z,1.139925904816187,8.05072670276432,14.036,113,16,B,Mites,Tallahassee,48,June
Pheno 16,2021-06-02T00:00:00Z,0.9383797309978105,0.5004691898654989,15.985,8,15,B,Mites + Actigard,Tallahassee,48,June
Pheno 17,2021-06-02T00:00:00Z,0.9480470231323473,4.835039817974971,10.548,51,10,B,Actigard,Tallahassee,48,June
Pheno 18,2021-06-02T00:00:00Z,1.4524328249818448,9.233322958813156,9.639,89,14,B,Water,Tallahassee,48,June
Pheno 19,2021-06-02T00:00:00Z,0.19495077492933033,0.38990154985866066,10.259,4,2,B,Kontos,Tallahassee,48,June
Pheno 20,2021-06-02T00:00:00Z,0.8761682242990654,16.549844236760123,10.272,170,9,B,Mites,Tallahassee,48,June
Pheno 21,2021-06-02T00:00:00Z,0.46000805014087753,5.750100626760969,17.391,100,8,B,Mites + Actigard,Tallahassee,48,June
Pheno 22,2021-06-02T00:00:00Z,0.10686044026501389,4.274417610600556,9.358,40,1,B,Actigard,Tallahassee,48,June
Pheno 23,2021-06-02T00:00:00Z,0.4068072411688928,0.06780120686148214,14.749,1,6,B,Kontos,Tallahassee,48,June
Pheno 24,2021-06-02T00:00:00Z,0.3731621762818121,3.1345622807672218,13.399,42,5,B,Water,Tallahassee,48,June
Pheno 1,2021-07-09T00:00:00Z,0.7815552950371238,0.19538882375928096,5.118,1,4,A,Kontos,Tallahassee,48,July
Pheno 2,2021-07-09T00:00:00Z,1.0690105713267608,5.820168666112364,8.419,49,9,A,Water,Tallahassee,48,July
Pheno 3,2021-07-09T00:00:00Z,0.6557377049180327,26.885245901639344,4.575,123,3,A,Mites,Tallahassee,48,July
Pheno 4,2021-07-09T00:00:00Z,0,7.758202683045094,6.187,48,0,A,Mites + Actigard,Tallahassee,48,July
Pheno 5,2021-07-09T00:00:00Z,0,6.778451658936853,2.803,19,0,A,Actigard,Tallahassee,48,July
Pheno 6,2021-07-09T00:00:00Z,0.2298850574712644,7.126436781609196,4.35,31,1,A,Water,Tallahassee,48,July
Pheno 7,2021-07-09T00:00:00Z,0.7190795781399809,2.3969319271332696,4.172,10,3,A,Kontos,Tallahassee,48,July
Pheno 8,2021-07-09T00:00:00Z,2.459419576979833,34.923757993113625,2.033,71,5,A,Mites,Tallahassee,48,July
Pheno 9,2021-07-09T00:00:00Z,0.8365867261572784,8.365867261572783,3.586,30,3,A,Mites + Actigard,Tallahassee,48,July
Pheno 10,2021-07-09T00:00:00Z,0.9291521486643438,10.91753774680604,4.305,47,4,A,Actigard,Tallahassee,48,July
Pheno 11,2021-07-09T00:00:00Z,1.3333333333333333,3.5555555555555554,4.5,16,6,C,Untreated,Tallahassee,48,July
Pheno 12,2021-07-09T00:00:00Z,0.707088562842496,0.176772140710624,5.657,1,4,C,Untreated,Tallahassee,48,July
Pheno 13,2021-07-09T00:00:00Z,2.3969319271332696,2.6366251198465966,4.172,11,10,C,Untreated,Tallahassee,48,July
Pheno 14,2021-07-09T00:00:00Z,4.444444444444444,3.7037037037037033,2.7,10,12,C,Untreated,Tallahassee,48,July
Pheno 15,2021-07-09T00:00:00Z,0.9746588693957116,13.645224171539962,3.078,42,3,B,Mites,Tallahassee,48,July
Pheno 16,2021-07-09T00:00:00Z,2.43993993993994,3.1906906906906904,5.328,17,13,B,Mites + Actigard,Tallahassee,48,July
Pheno 17,2021-07-09T00:00:00Z,3.5941387890517005,9.40005529444291,3.617,34,13,B,Actigard,Tallahassee,48,July
Pheno 18,2021-07-09T00:00:00Z,2.315410342166195,23.92590686905068,3.887,93,9,B,Water,Tallahassee,48,July
Pheno 19,2021-07-09T00:00:00Z,0.36277888626881916,0,5.513,0,2,B,Kontos,Tallahassee,48,July
Pheno 20,2021-07-09T00:00:00Z,1.4238253440911246,23.25581395348837,2.107,49,3,B,Mites,Tallahassee,48,July
Pheno 21,2021-07-09T00:00:00Z,0.7748934521503293,26.73382409918636,2.581,69,2,B,Mites + Actigard,Tallahassee,48,July
Pheno 22,2021-07-09T00:00:00Z,1.256281407035176,15.494137353433837,2.388,37,3,B,Actigard,Tallahassee,48,July
Pheno 23,2021-07-09T00:00:00Z,1.4169323414806942,0.35423308537017356,2.823,1,4,B,Kontos,Tallahassee,48,July
Pheno 24,2021-07-09T00:00:00Z,0.23590469450342064,1.4154281670205238,4.239,6,1,B,Water,Tallahassee,48,July
Pheno 1,2021-07-14T00:00:00Z,0,0,4.329,0,0,A,Kontos,Tallahassee,48,July
Pheno 2,2021-07-14T00:00:00Z,2.0056157240272765,2.6073004412354592,4.986,13,10,A,Water,Tallahassee,48,July
Pheno 3,2021-07-14T00:00:00Z,1.1845534233593935,2.6060175313906657,4.221,11,5,A,Mites,Tallahassee,48,July
Pheno 4,2021-07-14T00:00:00Z,0.8122377149045621,6.091782861784216,7.387,45,6,A,Mites + Actigard,Tallahassee,48,July
Pheno 5,2021-07-14T00:00:00Z,0.6474168069403082,4.272950925806034,7.723,33,5,A,Actigard,Tallahassee,48,July
Pheno 6,2021-07-14T00:00:00Z,0.7246376811594204,10.144927536231885,5.52,56,4,A,Water,Tallahassee,48,July
Pheno 7,2021-07-14T00:00:00Z,0.4769475357710652,0.3179650238473768,6.29,2,3,A,Kontos,Tallahassee,48,July
Pheno 8,2021-07-14T00:00:00Z,0.7857002553525829,13.749754468670202,5.091,70,4,A,Mites,Tallahassee,48,July
Pheno 9,2021-07-14T00:00:00Z,0.9673518742442564,9.673518742442564,4.135,40,4,A,Mites + Actigard,Tallahassee,48,July
Pheno 10,2021-07-14T00:00:00Z,2.0300446609825418,13.19529029638652,4.926,65,10,A,Actigard,Tallahassee,48,July
Pheno 11,2021-07-14T00:00:00Z,0,0.165809981760902,6.031,1,0,C,Untreated,Tallahassee,48,July
Pheno 12,2021-07-14T00:00:00Z,1.572136896843633,1.2093360744951023,8.269,10,13,C,Untreated,Tallahassee,48,July
Pheno 13,2021-07-14T00:00:00Z,0.4631237698274864,0,8.637,0,4,C,Untreated,Tallahassee,48,July
Pheno 14,2021-07-14T00:00:00Z,0.5573100501579045,0.37154003343860303,5.383,2,3,C,Untreated,Tallahassee,48,July
Pheno 15,2021-07-14T00:00:00Z,1.8528812303131368,4.076338706688901,5.397,22,10,B,Mites,Tallahassee,48,July
Pheno 16,2021-07-14T00:00:00Z,1.1299435028248588,10.169491525423728,6.195,63,7,B,Mites + Actigard,Tallahassee,48,July
Pheno 17,2021-07-14T00:00:00Z,0.18281535648994515,9.140767824497258,5.47,50,1,B,Actigard,Tallahassee,48,July
Pheno 18,2021-07-14T00:00:00Z,2.06280082512033,9.168003667201466,4.363,40,9,B,Water,Tallahassee,48,July
Pheno 19,2021-07-14T00:00:00Z,0.13950892857142858,0,7.168,0,1,B,Kontos,Tallahassee,48,July
Pheno 20,2021-07-14T00:00:00Z,0.7772020725388601,12.176165803108809,3.86,47,3,B,Mites,Tallahassee,48,July
Pheno 21,2021-07-14T00:00:00Z,0.13164823591363875,3.291205897840969,7.596,25,1,B,Mites + Actigard,Tallahassee,48,July
Pheno 22,2021-07-14T00:00:00Z,0,6.5799540933435345,6.535,43,0,B,Actigard,Tallahassee,48,July
Pheno 23,2021-07-14T00:00:00Z,0,0,3.72,0,0,B,Kontos,Tallahassee,48,July
Pheno 24,2021-07-14T00:00:00Z,0.5271481286241434,2.635740643120717,5.691,15,3,B,Water,Tallahassee,48,July
Pheno 1,2021-07-21T00:00:00Z,0,0,6.716,0,0,A,Kontos,Tallahassee,48,July
Pheno 2,2021-07-21T00:00:00Z,0.07882084023015686,3.4681169701269017,12.687,44,1,A,Water,Tallahassee,48,July
Pheno 3,2021-07-21T00:00:00Z,0.13083011709295478,1.2428861123830706,15.287,19,2,A,Mites,Tallahassee,48,July
Pheno 4,2021-07-21T00:00:00Z,0,4.058346076932126,17.002,69,0,A,Mites + Actigard,Tallahassee,48,July
Pheno 5,2021-07-21T00:00:00Z,0.07397544015386891,2.9590176061547564,13.518,40,1,A,Actigard,Tallahassee,48,July
Pheno 6,2021-07-21T00:00:00Z,0.3187250996015936,21.03585657370518,6.275,132,2,A,Water,Tallahassee,48,July
Pheno 7,2021-07-21T00:00:00Z,0,0.31357792411414237,6.378,2,0,A,Kontos,Tallahassee,48,July
Pheno 8,2021-07-21T00:00:00Z,0,12.155844155844155,9.625,117,0,A,Mites,Tallahassee,48,July
Pheno 9,2021-07-21T00:00:00Z,0.19636078020683334,6.348998560020945,15.278,97,3,A,Mites + Actigard,Tallahassee,48,July
Pheno 10,2021-07-21T00:00:00Z,0.2718868950516585,7.15968823636034,11.034,79,3,A,Actigard,Tallahassee,48,July
Pheno 11,2021-07-21T00:00:00Z,0.5414918099363747,3.925815622038717,7.387,29,4,C,Untreated,Tallahassee,48,July
Pheno 12,2021-07-21T00:00:00Z,0.22828444241524942,3.538408857436366,8.761,31,2,C,Untreated,Tallahassee,48,July
Pheno 13,2021-07-21T00:00:00Z,0.850856934484016,2.5525708034520482,8.227,21,7,C,Untreated,Tallahassee,48,July
Pheno 14,2021-07-21T00:00:00Z,0,0.38346498964644526,13.039,5,0,C,Untreated,Tallahassee,48,July
Pheno 15,2021-07-21T00:00:00Z,0.3624830086089714,3.1264159492523786,22.07,69,8,B,Mites,Tallahassee,48,July
Pheno 16,2021-07-21T00:00:00Z,0.5050273173867132,1.5609935264680226,21.781,34,11,B,Mites + Actigard,Tallahassee,48,July
Pheno 17,2021-07-21T00:00:00Z,0.690846286701209,4.835924006908463,8.685,42,6,B,Actigard,Tallahassee,48,July
Pheno 18,2021-07-21T00:00:00Z,0.8989572096368212,13.12477526069759,5.562,73,5,B,Water,Tallahassee,48,July
Pheno 19,2021-07-21T00:00:00Z,0,0.25716857400025717,7.777,2,0,B,Kontos,Tallahassee,48,July
Pheno 20,2021-07-21T00:00:00Z,0.8493470644442085,8.493470644442084,9.419,80,8,B,Mites,Tallahassee,48,July
Pheno 21,2021-07-21T00:00:00Z,0.058524024111897936,4.564873880728039,17.087,78,1,B,Mites + Actigard,Tallahassee,48,July
Pheno 22,2021-07-21T00:00:00Z,0.069727713279643,0.9413241292751804,28.683,27,2,B,Actigard,Tallahassee,48,July
Pheno 23,2021-07-21T00:00:00Z,0,0,7.04,0,0,B,Kontos,Tallahassee,48,July
Pheno 24,2021-07-21T00:00:00Z,0.3947887879984209,6.7114093959731544,5.066,34,2,B,Water,Tallahassee,48,July
Pheno 1,2021-07-29T00:00:00Z,0.6065200909780136,0.3032600454890068,6.595,2,4,A,Kontos,Tallahassee,48,July
Pheno 2,2021-07-29T00:00:00Z,2.038369304556355,3.5971223021582732,8.34,30,17,A,Water,Tallahassee,48,July
Pheno 3,2021-07-29T00:00:00Z,1.0178117048346056,6.488549618320611,7.86,51,8,A,Mites,Tallahassee,48,July
Pheno 4,2021-07-29T00:00:00Z,0.18343575162799228,8.254608823259654,10.903,90,2,A,Mites + Actigard,Tallahassee,48,July
Pheno 5,2021-07-29T00:00:00Z,0.3386386725364037,8.353087255897957,8.859,74,3,A,Actigard,Tallahassee,48,July
Pheno 6,2021-07-29T00:00:00Z,0.4472271914132379,9.391771019677996,6.708,63,3,A,Water,Tallahassee,48,July
Pheno 7,2021-07-29T00:00:00Z,0.4100601421541826,0.1366867140513942,7.316,1,3,A,Kontos,Tallahassee,48,July
Pheno 8,2021-07-29T00:00:00Z,0.1729804532087874,14.876318975955718,5.781,86,1,A,Mites,Tallahassee,48,July
Pheno 9,2021-07-29T00:00:00Z,0.21939447125932426,20.184291355857834,4.558,92,1,A,Mites + Actigard,Tallahassee,48,July
Pheno 10,2021-07-29T00:00:00Z,0.4148516905206389,32.56585770587015,4.821,157,2,A,Actigard,Tallahassee,48,July
Pheno 11,2021-07-29T00:00:00Z,0.17476406850751483,6.116742397763019,5.722,35,1,C,Untreated,Tallahassee,48,July
Pheno 12,2021-07-29T00:00:00Z,1.82423006760382,1.3949994634617446,9.319,13,17,C,Untreated,Tallahassee,48,July
Pheno 13,2021-07-29T00:00:00Z,0.9019165727170237,4.8478015783540025,8.87,43,8,C,Untreated,Tallahassee,48,July
Pheno 14,2021-07-29T00:00:00Z,0.537345513164965,0.10746910263299302,9.305,1,5,C,Untreated,Tallahassee,48,July
Pheno 15,2021-07-29T00:00:00Z,0.10517458981909972,10.83298275136727,9.508,103,1,B,Mites,Tallahassee,48,July
Pheno 16,2021-07-29T00:00:00Z,3.265839320705421,8.22991508817766,7.655,63,25,B,Mites + Actigard,Tallahassee,48,July
Pheno 17,2021-07-29T00:00:00Z,2.359826316783085,4.4364734755522,10.594,47,25,B,Actigard,Tallahassee,48,July
Pheno 18,2021-07-29T00:00:00Z,2.245749117741418,9.945460378569138,6.234,62,14,B,Water,Tallahassee,48,July
Pheno 19,2021-07-29T00:00:00Z,0.2070607723366808,0.2070607723366808,9.659,2,2,B,Kontos,Tallahassee,48,July
Pheno 20,2021-07-29T00:00:00Z,0.37037037037037035,23.518518518518515,5.4,127,2,B,Mites,Tallahassee,48,July
Pheno 21,2021-07-29T00:00:00Z,0.20794343938448742,7.278020378457059,9.618,70,2,B,Mites + Actigard,Tallahassee,48,July
Pheno 22,2021-07-29T00:00:00Z,0.3171582619727244,19.980970504281636,6.306,126,2,B,Actigard,Tallahassee,48,July
Pheno 23,2021-07-29T00:00:00Z,0.14630577907827358,0.14630577907827358,6.835,1,1,B,Kontos,Tallahassee,48,July
Pheno 24,2021-07-29T00:00:00Z,0.6309148264984227,3.7854889589905363,7.925,30,5,B,Water,Tallahassee,48,July
Pheno 1,2021-08-04T00:00:00Z,0.10890873448050534,0,9.182,0,1,A,Kontos,Tallahassee,48,August
Pheno 2,2021-08-04T00:00:00Z,0.6350819255683983,5.080655404547186,7.873,40,5,A,Water,Tallahassee,48,August
Pheno 3,2021-08-04T00:00:00Z,0.5897095680377413,8.698216128556686,6.783,59,4,A,Mites,Tallahassee,48,August
Pheno 4,2021-08-04T00:00:00Z,0,2.7061158217571712,5.543,15,0,A,Mites + Actigard,Tallahassee,48,August
Pheno 5,2021-08-04T00:00:00Z,0,7.454611037633762,8.317,62,0,A,Actigard,Tallahassee,48,August
Pheno 6,2021-08-04T00:00:00Z,0.12468827930174564,5.860349127182046,8.02,47,1,A,Water,Tallahassee,48,August
Pheno 7,2021-08-04T00:00:00Z,0,0,5.321,0,0,A,Kontos,Tallahassee,48,August
Pheno 8,2021-08-04T00:00:00Z,0.28604118993135014,8.152173913043478,6.992,57,2,A,Mites,Tallahassee,48,August
Pheno 9,2021-08-04T00:00:00Z,0.37154003343860303,17.833921605052943,5.383,96,2,A,Mites + Actigard,Tallahassee,48,August
Pheno 10,2021-08-04T00:00:00Z,0,5.459260270233384,7.327,40,0,A,Actigard,Tallahassee,48,August
Pheno 11,2021-08-04T00:00:00Z,1.0647359454855196,5.96252129471891,4.696,28,5,C,Untreated,Tallahassee,48,August
Pheno 12,2021-08-04T00:00:00Z,2.6931493014644,1.178252819390675,5.941,7,16,C,Untreated,Tallahassee,48,August
Pheno 13,2021-08-04T00:00:00Z,2.0579156254593562,2.7928854916948405,6.803,19,14,C,Untreated,Tallahassee,48,August
Pheno 14,2021-08-04T00:00:00Z,1.0229431535876077,8.475814701154464,6.843,58,7,C,Untreated,Tallahassee,48,August
Pheno 15,2021-08-04T00:00:00Z,1.2116316639741518,2.9617662897145935,7.428,22,9,B,Mites,Tallahassee,48,August
Pheno 16,2021-08-04T00:00:00Z,2.1488871834228704,13.200306983883348,6.515,86,14,B,Mites + Actigard,Tallahassee,48,August
Pheno 17,2021-08-04T00:00:00Z,1.6386116490391778,4.915834947117533,6.713,33,11,B,Actigard,Tallahassee,48,August
Pheno 18,2021-08-04T00:00:00Z,1.405678942929435,6.044419454596571,7.114,43,10,B,Water,Tallahassee,48,August
Pheno 19,2021-08-04T00:00:00Z,0.9573958831977023,0.598372426998564,8.356,5,8,B,Kontos,Tallahassee,48,August
Pheno 20,2021-08-04T00:00:00Z,0.9397024275646045,14.56538762725137,6.385,93,6,B,Mites,Tallahassee,48,August
Pheno 21,2021-08-04T00:00:00Z,0.5275652862041678,24.004220522289632,3.791,91,2,B,Mites + Actigard,Tallahassee,48,August
Pheno 22,2021-08-04T00:00:00Z,0.7305491294289541,4.99208571776452,8.213,41,6,B,Actigard,Tallahassee,48,August
Pheno 23,2021-08-04T00:00:00Z,0.324254215304799,0,6.168,0,2,B,Kontos,Tallahassee,48,August
Pheno 24,2021-08-04T00:00:00Z,2.8502521376891035,3.7272527954395964,4.561,17,13,B,Water,Tallahassee,48,August
Pheno 1,2021-08-11T00:00:00Z,0.21867483052700631,0,4.573,0,1,A,Kontos,Tallahassee,48,August
Pheno 2,2021-08-11T00:00:00Z,0.9614229059007331,6.249248888354765,8.321,52,8,A,Water,Tallahassee,48,August
Pheno 3,2021-08-11T00:00:00Z,2.3109243697478994,19.537815126050422,4.76,93,11,A,Mites,Tallahassee,48,August
Pheno 4,2021-08-11T00:00:00Z,0.6815703380588877,8.996728462377318,7.336,66,5,A,Mites + Actigard,Tallahassee,48,August
Pheno 5,2021-08-11T00:00:00Z,0.5918560606060606,6.628787878787879,8.448,56,5,A,Actigard,Tallahassee,48,August
Pheno 6,2021-08-11T00:00:00Z,1.410105757931845,19.506462984723854,4.255,83,6,A,Water,Tallahassee,48,August
Pheno 7,2021-08-11T00:00:00Z,0.6721182928195363,1.120197154699227,8.927,10,6,A,Kontos,Tallahassee,48,August
Pheno 8,2021-08-11T00:00:00Z,1.5951276102088168,10.295823665893272,6.896,71,11,A,Mites,Tallahassee,48,August
Pheno 9,2021-08-11T00:00:00Z,0.8973639932697701,9.085810431856423,8.915,81,8,A,Mites + Actigard,Tallahassee,48,August
Pheno 10,2021-08-11T00:00:00Z,0.8943401047655551,6.899195093905711,7.827,54,7,A,Actigard,Tallahassee,48,August
Pheno 11,2021-08-11T00:00:00Z,1.2372409526755335,19.33188988555521,6.466,125,8,C,Untreated,Tallahassee,48,August
Pheno 12,2021-08-11T00:00:00Z,2.049740366220279,2.049740366220279,7.318,15,15,C,Untreated,Tallahassee,48,August
Pheno 13,2021-08-11T00:00:00Z,5.235602094240838,7.582596136486731,5.539,42,29,C,Untreated,Tallahassee,48,August
Pheno 14,2021-08-11T00:00:00Z,3.141959440159954,6.998000571265353,7.002,49,22,C,Untreated,Tallahassee,48,August
Pheno 15,2021-08-11T00:00:00Z,14.99348109517601,22.164276401564535,1.534,34,23,B,Mites,Tallahassee,48,August
Pheno 16,2021-08-11T00:00:00Z,2.4044883783061715,20.571733903286134,3.743,77,9,B,Mites + Actigard,Tallahassee,48,August
Pheno 17,2021-08-11T00:00:00Z,11.238585811285413,14.282369468508547,4.271,61,48,B,Actigard,Tallahassee,48,August
Pheno 18,2021-08-11T00:00:00Z,11.68757126567845,12.25769669327252,3.508,43,41,B,Water,Tallahassee,48,August
Pheno 19,2021-08-11T00:00:00Z,0.9796238244514106,0,5.104,0,5,B,Kontos,Tallahassee,48,August
Pheno 20,2021-08-11T00:00:00Z,3.2080659945004584,12.832263978001833,2.182,28,7,B,Mites,Tallahassee,48,August
Pheno 21,2021-08-11T00:00:00Z,0.3451846738004833,17.94960303762513,2.897,52,1,B,Mites + Actigard,Tallahassee,48,August
Pheno 22,2021-08-11T00:00:00Z,10.008340283569641,21.684737281067555,2.398,52,24,B,Actigard,Tallahassee,48,August
Pheno 23,2021-08-11T00:00:00Z,0.7843137254901962,0.3921568627450981,2.55,1,2,B,Kontos,Tallahassee,48,August
Pheno 24,2021-08-11T00:00:00Z,3.3123550844650547,24.84266313348791,3.019,75,10,B,Water,Tallahassee,48,August
16A,2019-10-14T00:00:00Z,NA,NA,NA,0,0,A,Mites,Athens,81,October
16A,2019-10-23T00:00:00Z,NA,NA,NA,0,2,A,Mites,Athens,81,October
16A,2019-11-21T00:00:00Z,NA,NA,NA,0,0,A,Mites,Athens,81,November
17A,2019-10-14T00:00:00Z,NA,NA,NA,0,5,A,Mites,Athens,81,October
17A,2019-10-23T00:00:00Z,NA,NA,NA,0,1,A,Mites,Athens,81,October
17A,2019-11-12T00:00:00Z,NA,NA,NA,0,1,A,Mites,Athens,81,November
18A,2019-10-14T00:00:00Z,NA,NA,NA,0,0,A,Mites,Athens,81,October
18A,2019-10-23T00:00:00Z,NA,NA,NA,0,0,A,Mites,Athens,81,October
18A,2019-11-21T00:00:00Z,NA,NA,NA,0,4,A,Mites,Athens,81,November
1A,2019-10-14T00:00:00Z,NA,NA,NA,0,0,A,Water,Athens,79,October
1A,2019-10-23T00:00:00Z,NA,NA,NA,0,0,A,Water,Athens,79,October
1A,2019-11-21T00:00:00Z,NA,NA,NA,0,0,A,Water,Athens,79,November
2A,2019-10-14T00:00:00Z,NA,NA,NA,0,0,A,Water,Athens,79,October
2A,2019-10-23T00:00:00Z,NA,NA,NA,0,0,A,Water,Athens,79,October
2A,2019-11-21T00:00:00Z,NA,NA,NA,0,0,A,Water,Athens,79,November
31A,2019-10-14T00:00:00Z,NA,NA,NA,0,0,A,Kontos,Athens,82,October
31A,2019-12-05T00:00:00Z,NA,NA,NA,0,0,A,Kontos,Athens,82,December
31A,2019-11-01T00:00:00Z,NA,NA,NA,0,0,A,Kontos,Athens,82,November
32A,2019-10-14T00:00:00Z,NA,NA,NA,0,0,A,Kontos,Athens,82,October
32A,2019-11-01T00:00:00Z,NA,NA,NA,0,2,A,Kontos,Athens,82,November
32A,2019-12-05T00:00:00Z,NA,NA,NA,0,0,A,Kontos,Athens,82,December
33A,2019-10-14T00:00:00Z,NA,NA,NA,0,0,A,Kontos,Athens,82,October
33A,2019-12-05T00:00:00Z,NA,NA,NA,0,0,A,Kontos,Athens,82,December
33A,2019-11-01T00:00:00Z,NA,NA,NA,0,0,A,Kontos,Athens,82,November
3A,2019-10-14T00:00:00Z,NA,NA,NA,0,0,A,Water,Athens,79,October
3A,2019-10-23T00:00:00Z,NA,NA,NA,0,0,A,Water,Athens,79,October
3A,2019-11-21T00:00:00Z,NA,NA,NA,0,3,A,Water,Athens,79,November
46A,2019-10-14T00:00:00Z,NA,NA,NA,0,10,A,Ninja,Athens,81,October
46A,2019-11-01T00:00:00Z,NA,NA,NA,0,0,A,Ninja,Athens,81,November
46A,2019-12-05T00:00:00Z,NA,NA,NA,0,2,A,Ninja,Athens,81,December
47A,2019-10-14T00:00:00Z,NA,NA,NA,0,0,A,Ninja,Athens,81,October
47A,2019-12-05T00:00:00Z,NA,NA,NA,0,0,A,Ninja,Athens,81,December
47A,2019-11-01T00:00:00Z,NA,NA,NA,0,0,A,Ninja,Athens,81,November
48A,2019-10-14T00:00:00Z,NA,NA,NA,0,0,A,Ninja,Athens,81,October
48A,2019-12-05T00:00:00Z,NA,NA,NA,0,0,A,Ninja,Athens,81,December
48A,2019-11-01T00:00:00Z,NA,NA,NA,0,0,A,Ninja,Athens,81,November
61A,2019-10-14T00:00:00Z,NA,NA,NA,0,0,A,Actigard,Athens,81,October
61A,2019-12-11T00:00:00Z,NA,NA,NA,0,0,A,Actigard,Athens,81,December
61A,2019-11-16T00:00:00Z,NA,NA,NA,0,0,A,Actigard,Athens,81,November
62A,2019-10-14T00:00:00Z,NA,NA,NA,0,0,A,Actigard,Athens,81,October
62A,2019-11-16T00:00:00Z,NA,NA,NA,0,0,A,Actigard,Athens,81,November
62A,2019-12-11T00:00:00Z,NA,NA,NA,0,0,A,Actigard,Athens,81,December
63A,2019-10-14T00:00:00Z,NA,NA,NA,0,0,A,Actigard,Athens,81,October
63A,2019-11-16T00:00:00Z,NA,NA,NA,0,0,A,Actigard,Athens,81,November
63A,2019-12-11T00:00:00Z,NA,NA,NA,0,0,A,Actigard,Athens,81,December
76A,2019-10-14T00:00:00Z,NA,NA,NA,0,0,A,MN,Athens,81,October
76A,2019-12-11T00:00:00Z,NA,NA,NA,0,0,A,MN,Athens,81,December
76A,2019-11-16T00:00:00Z,NA,NA,NA,0,0,A,MN,Athens,81,November
77A,2019-10-14T00:00:00Z,NA,NA,NA,0,0,A,MN,Athens,81,October
77A,2019-12-11T00:00:00Z,NA,NA,NA,0,0,A,MN,Athens,81,December
77A,2019-11-16T00:00:00Z,NA,NA,NA,0,0,A,MN,Athens,81,November
78A,2019-10-14T00:00:00Z,NA,NA,NA,0,2,A,MN,Athens,81,October
78A,2019-12-11T00:00:00Z,NA,NA,NA,0,0,A,MN,Athens,81,December
78A,2019-11-16T00:00:00Z,NA,NA,NA,0,0,A,MN,Athens,81,November
19B,2019-10-23T00:00:00Z,NA,NA,NA,0,1,B,Ninja,Athens,81,October
19B,2019-10-14T00:00:00Z,NA,NA,NA,0,12,B,Ninja,Athens,81,October
19B,2019-11-21T00:00:00Z,NA,NA,NA,0,0,B,Ninja,Athens,81,November
20B,2019-10-23T00:00:00Z,NA,NA,NA,0,0,B,Ninja,Athens,81,October
20B,2019-10-14T00:00:00Z,NA,NA,NA,0,7,B,Ninja,Athens,81,October
20B,2019-11-21T00:00:00Z,NA,NA,NA,0,1,B,Ninja,Athens,81,November
21B,2019-10-14T00:00:00Z,NA,NA,NA,0,1,B,Ninja,Athens,81,October
21B,2019-11-21T00:00:00Z,NA,NA,NA,0,2,B,Ninja,Athens,81,November
21B,2019-10-23T00:00:00Z,NA,NA,NA,0,0,B,Ninja,Athens,81,October
34B,2019-10-14T00:00:00Z,NA,NA,NA,0,0,B,Water,Athens,79,October
34B,2019-12-05T00:00:00Z,NA,NA,NA,0,0,B,Water,Athens,79,December
34B,2019-11-01T00:00:00Z,NA,NA,NA,0,0,B,Water,Athens,79,November
35B,2019-01-14T00:00:00Z,NA,NA,NA,0,0,B,Mites,Athens,81,January
35B,2019-11-01T00:00:00Z,NA,NA,NA,0,0,B,Water,Athens,79,November
35B,2019-12-05T00:00:00Z,NA,NA,NA,0,0,B,Water,Athens,79,December
36B,2019-10-14T00:00:00Z,NA,NA,NA,0,3,B,Water,Athens,79,October
36B,2019-12-05T00:00:00Z,NA,NA,NA,0,0,B,Water,Athens,79,December
36B,2019-11-01T00:00:00Z,NA,NA,NA,0,0,B,Water,Athens,79,November
49B,2019-10-14T00:00:00Z,NA,NA,NA,0,1,B,MN,Athens,81,October
49B,2019-12-05T00:00:00Z,NA,NA,NA,0,0,B,MN,Athens,81,December
49B,2019-11-01T00:00:00Z,NA,NA,NA,0,0,B,MN,Athens,81,November
4B,2019-10-23T00:00:00Z,NA,NA,NA,0,0,B,Actigard,Athens,81,October
4B,2019-10-14T00:00:00Z,NA,NA,NA,0,0,B,Actigard,Athens,81,October
4B,2019-11-21T00:00:00Z,NA,NA,NA,0,0,B,Actigard,Athens,81,November
50B,2019-10-14T00:00:00Z,NA,NA,NA,0,0,B,MN,Athens,81,October
50B,2019-12-05T00:00:00Z,NA,NA,NA,0,0,B,MN,Athens,81,December
50B,2019-11-01T00:00:00Z,NA,NA,NA,0,0,B,MN,Athens,81,November
51B,2019-10-14T00:00:00Z,NA,NA,NA,0,12,B,MN,Athens,81,October
51B,2019-11-01T00:00:00Z,NA,NA,NA,0,0,B,MN,Athens,81,November
51B,2019-12-05T00:00:00Z,NA,NA,NA,0,0,B,MN,Athens,81,December
5B,2019-10-23T00:00:00Z,NA,NA,NA,0,0,B,Actigard,Athens,81,October
5B,2019-10-14T00:00:00Z,NA,NA,NA,0,1,B,Actigard,Athens,81,October
5B,2019-11-21T00:00:00Z,NA,NA,NA,0,0,B,Actigard,Athens,81,November
64B,2019-10-14T00:00:00Z,NA,NA,NA,0,0,B,Kontos,Athens,82,October
64B,2019-11-16T00:00:00Z,NA,NA,NA,0,0,B,Kontos,Athens,82,November
64B,2019-12-11T00:00:00Z,NA,NA,NA,0,0,B,Kontos,Athens,82,December
65B,2019-10-14T00:00:00Z,NA,NA,NA,0,0,B,Kontos,Athens,82,October
65B,2019-11-16T00:00:00Z,NA,NA,NA,0,0,B,Kontos,Athens,82,November
65B,2019-12-11T00:00:00Z,NA,NA,NA,0,0,B,Kontos,Athens,82,December
66B,2019-10-14T00:00:00Z,NA,NA,NA,0,1,B,Kontos,Athens,82,October
66B,2019-11-16T00:00:00Z,NA,NA,NA,0,0,B,Kontos,Athens,82,November
66B,2019-12-11T00:00:00Z,NA,NA,NA,0,0,B,Kontos,Athens,82,December
6B,2019-10-23T00:00:00Z,NA,NA,NA,0,0,B,Actigard,Athens,81,October
6B,2019-10-14T00:00:00Z,NA,NA,NA,0,0,B,Actigard,Athens,81,October
6B,2019-11-21T00:00:00Z,NA,NA,NA,0,0,B,Actigard,Athens,81,November
79B,2019-10-14T00:00:00Z,NA,NA,NA,0,1,B,Mites,Athens,81,October
79B,2019-12-11T00:00:00Z,NA,NA,NA,0,2,B,Mites,Athens,81,December
79B,2019-11-16T00:00:00Z,NA,NA,NA,0,0,B,Mites,Athens,81,November
80B,2019-10-14T00:00:00Z,NA,NA,NA,0,4,B,Mites,Athens,81,October
80B,2019-12-11T00:00:00Z,NA,NA,NA,0,0,B,Mites,Athens,81,December
80B,2019-11-16T00:00:00Z,NA,NA,NA,0,1,B,Mites,Athens,81,November
81B,2019-10-14T00:00:00Z,NA,NA,NA,0,5,B,Kontos,Athens,82,October
81B,2019-12-11T00:00:00Z,NA,NA,NA,0,0,B,Mites,Athens,81,December
22C,2019-10-14T00:00:00Z,NA,NA,NA,0,0,C,MN,Athens,81,October
22C,2019-11-21T00:00:00Z,NA,NA,NA,0,0,C,MN,Athens,81,November
22C,2019-10-23T00:00:00Z,NA,NA,NA,0,0,C,MN,Athens,81,October
23C,2019-10-14T00:00:00Z,NA,NA,NA,0,0,C,MN,Athens,81,October
23C,2019-11-21T00:00:00Z,NA,NA,NA,0,0,C,MN,Athens,81,November
23C,2019-10-23T00:00:00Z,NA,NA,NA,0,0,C,MN,Athens,81,October
24C,2019-10-14T00:00:00Z,NA,NA,NA,0,0,C,MN,Athens,81,October
24C,2019-11-21T00:00:00Z,NA,NA,NA,0,0,C,MN,Athens,81,November
24C,2019-10-23T00:00:00Z,NA,NA,NA,0,0,C,MN,Athens,81,October
37C,2019-10-14T00:00:00Z,NA,NA,NA,0,3,C,Mites,Athens,81,October
37C,2019-11-01T00:00:00Z,NA,NA,NA,0,0,C,Mites,Athens,81,November
37C,2019-12-05T00:00:00Z,NA,NA,NA,0,3,C,Mites,Athens,81,December
38C,2019-10-14T00:00:00Z,NA,NA,NA,NA,NA,C,Mites,Athens,81,October
38C,2019-12-05T00:00:00Z,NA,NA,NA,0,0,C,Mites,Athens,81,December
38C,2019-11-01T00:00:00Z,NA,NA,NA,0,0,C,Mites,Athens,81,November
39C,2019-10-14T00:00:00Z,NA,NA,NA,0,14,C,Mites,Athens,81,October
39C,2019-10-23T00:00:00Z,NA,NA,NA,0,2,C,Mites,Athens,81,October
39C,2019-12-05T00:00:00Z,NA,NA,NA,0,0,C,Mites,Athens,81,December
52C,2019-10-14T00:00:00Z,NA,NA,NA,0,3,C,Actigard,Athens,81,October
52C,2019-12-05T00:00:00Z,NA,NA,NA,0,0,C,Actigard,Athens,81,December
52C,2019-11-01T00:00:00Z,NA,NA,NA,0,0,C,Actigard,Athens,81,November
53C,2019-10-14T00:00:00Z,NA,NA,NA,0,0,C,Actigard,Athens,81,October
53C,2019-12-05T00:00:00Z,NA,NA,NA,0,0,C,Actigard,Athens,81,December
53C,2019-11-01T00:00:00Z,NA,NA,NA,0,0,C,Actigard,Athens,81,November
54C,2019-10-14T00:00:00Z,NA,NA,NA,0,0,C,Actigard,Athens,81,October
54C,2019-11-01T00:00:00Z,NA,NA,NA,0,0,C,Actigard,Athens,81,November
54C,2019-12-05T00:00:00Z,NA,NA,NA,0,0,C,Actigard,Athens,81,December
67C,2019-10-14T00:00:00Z,NA,NA,NA,0,14,C,Water,Athens,79,October
67C,2019-12-11T00:00:00Z,NA,NA,NA,0,3,C,Water,Athens,79,December
67C,2019-11-16T00:00:00Z,NA,NA,NA,0,1,C,Water,Athens,79,November
68C,2019-10-14T00:00:00Z,NA,NA,NA,0,7,C,Water,Athens,79,October
68C,2019-11-16T00:00:00Z,NA,NA,NA,0,1,C,Water,Athens,79,November
68C,2019-12-11T00:00:00Z,NA,NA,NA,0,0,C,Water,Athens,79,December
69C,2019-10-14T00:00:00Z,NA,NA,NA,0,9,C,Water,Athens,79,October
69C,2019-12-11T00:00:00Z,NA,NA,NA,0,0,C,Water,Athens,79,December
69C,2019-11-16T00:00:00Z,NA,NA,NA,0,0,C,Water,Athens,79,November
7C,2019-10-23T00:00:00Z,NA,NA,NA,0,1,C,Kontos,Athens,82,October
7C,2019-10-14T00:00:00Z,NA,NA,NA,0,5,C,Kontos,Athens,82,October
7C,2019-11-21T00:00:00Z,NA,NA,NA,0,0,C,Kontos,Athens,82,November
82C,2019-10-14T00:00:00Z,NA,NA,NA,0,5,C,Ninja,Athens,81,October
82C,2019-12-11T00:00:00Z,NA,NA,NA,0,0,C,Ninja,Athens,81,December
82C,2019-11-16T00:00:00Z,NA,NA,NA,0,1,C,Ninja,Athens,81,November
83C,2019-10-14T00:00:00Z,NA,NA,NA,0,8,C,Ninja,Athens,81,October
83C,2019-11-16T00:00:00Z,NA,NA,NA,0,0,C,Ninja,Athens,81,November
83C,2019-12-11T00:00:00Z,NA,NA,NA,0,1,C,Ninja,Athens,81,December
84C,2019-10-14T00:00:00Z,NA,NA,NA,0,3,C,Ninja,Athens,81,October
84C,2019-11-16T00:00:00Z,NA,NA,NA,0,0,C,Ninja,Athens,81,November
84C,2019-12-11T00:00:00Z,NA,NA,NA,0,1,C,Ninja,Athens,81,December
8C,2019-10-23T00:00:00Z,NA,NA,NA,0,0,C,Kontos,Athens,82,October
8C,2019-10-14T00:00:00Z,NA,NA,NA,0,3,C,Kontos,Athens,82,October
8C,2019-11-21T00:00:00Z,NA,NA,NA,0,1,C,Kontos,Athens,82,November
9C,2019-10-23T00:00:00Z,NA,NA,NA,0,0,C,Kontos,Athens,82,October
9C,2019-10-14T00:00:00Z,NA,NA,NA,0,0,C,Kontos,Athens,82,October
9C,2019-11-21T00:00:00Z,NA,NA,NA,0,0,C,Kontos,Athens,82,November
10D,2019-10-23T00:00:00Z,NA,NA,NA,0,1,D,Ninja,Athens,81,October
10D,2019-10-14T00:00:00Z,NA,NA,NA,0,41,D,Ninja,Athens,81,October
10D,2019-11-21T00:00:00Z,NA,NA,NA,0,0,D,Ninja,Athens,81,November
11D,2019-10-23T00:00:00Z,NA,NA,NA,0,0,D,Ninja,Athens,81,October
11D,2019-10-14T00:00:00Z,NA,NA,NA,0,10,D,Ninja,Athens,81,October
11D,2019-11-21T00:00:00Z,NA,NA,NA,0,0,D,Ninja,Athens,81,November
12D,2019-10-23T00:00:00Z,NA,NA,NA,0,0,D,Ninja,Athens,81,October
12D,2019-10-14T00:00:00Z,NA,NA,NA,0,2,D,Ninja,Athens,81,October
12D,2019-11-21T00:00:00Z,NA,NA,NA,0,0,D,Ninja,Athens,81,November
25D,2019-10-14T00:00:00Z,NA,NA,NA,0,3,D,Water,Athens,79,October
25D,2019-11-21T00:00:00Z,NA,NA,NA,0,2,D,Water,Athens,79,November
25D,2019-10-23T00:00:00Z,NA,NA,NA,0,4,D,Water,Athens,79,October
26D,2019-10-14T00:00:00Z,NA,NA,NA,0,100,D,Water,Athens,79,October
26D,2019-11-21T00:00:00Z,NA,NA,NA,0,1,D,Water,Athens,79,November
26D,2019-10-23T00:00:00Z,NA,NA,NA,0,2,D,Water,Athens,79,October
27D,2019-10-14T00:00:00Z,NA,NA,NA,0,0,D,Water,Athens,79,October
27D,2019-11-21T00:00:00Z,NA,NA,NA,0,0,D,Water,Athens,79,November
27D,2019-10-23T00:00:00Z,NA,NA,NA,0,0,D,Water,Athens,79,October
40D,2019-10-14T00:00:00Z,NA,NA,NA,0,0,D,Actigard,Athens,81,October
40D,2019-11-01T00:00:00Z,NA,NA,NA,0,0,D,Actigard,Athens,81,November
40D,2019-12-05T00:00:00Z,NA,NA,NA,0,2,D,Actigard,Athens,81,December
41D,2019-10-14T00:00:00Z,NA,NA,NA,0,2,D,Actigard,Athens,81,October
41D,2019-11-01T00:00:00Z,NA,NA,NA,0,0,D,Actigard,Athens,81,November
41D,2019-12-05T00:00:00Z,NA,NA,NA,0,0,D,Actigard,Athens,81,December
42D,2019-10-14T00:00:00Z,NA,NA,NA,0,7,D,Actigard,Athens,81,October
42D,2019-12-05T00:00:00Z,NA,NA,NA,0,0,D,Actigard,Athens,81,December
42D,2019-11-01T00:00:00Z,NA,NA,NA,0,0,D,Actigard,Athens,81,November
55D,2019-10-14T00:00:00Z,NA,NA,NA,0,20,D,Mites,Athens,81,October
55D,2019-11-01T00:00:00Z,NA,NA,NA,0,0,D,Mites,Athens,81,November
55D,2019-12-05T00:00:00Z,NA,NA,NA,0,0,D,Mites,Athens,81,December
56D,2019-10-14T00:00:00Z,NA,NA,NA,0,0,D,Mites,Athens,81,October
56D,2019-11-01T00:00:00Z,NA,NA,NA,0,1,D,Mites,Athens,81,November
56D,2019-12-05T00:00:00Z,NA,NA,NA,0,0,D,Mites,Athens,81,December
57D,2019-10-14T00:00:00Z,NA,NA,NA,0,0,D,Mites,Athens,81,October
57D,2019-11-01T00:00:00Z,NA,NA,NA,0,0,D,Mites,Athens,81,November
57D,2019-12-05T00:00:00Z,NA,NA,NA,0,3,D,Mites,Athens,81,December
70D,2019-10-14T00:00:00Z,NA,NA,NA,0,2,D,MN,Athens,81,October
70D,2019-12-11T00:00:00Z,NA,NA,NA,0,0,D,MN,Athens,81,December
70D,2019-11-16T00:00:00Z,NA,NA,NA,0,0,D,MN,Athens,81,November
71D,2019-10-14T00:00:00Z,NA,NA,NA,0,0,D,MN,Athens,81,October
71D,2019-12-11T00:00:00Z,NA,NA,NA,0,0,D,MN,Athens,81,December
71D,2019-11-16T00:00:00Z,NA,NA,NA,0,0,D,MN,Athens,81,November
72D,2019-10-14T00:00:00Z,NA,NA,NA,0,2,D,MN,Athens,81,October
72D,2019-12-11T00:00:00Z,NA,NA,NA,0,0,D,MN,Athens,81,December
72D,2019-11-16T00:00:00Z,NA,NA,NA,0,1,D,MN,Athens,81,November
81D,2019-11-16T00:00:00Z,NA,NA,NA,0,0,D,Mites,Athens,81,November
85D,2019-10-14T00:00:00Z,NA,NA,NA,0,0,D,Kontos,Athens,82,October
85D,2019-12-11T00:00:00Z,NA,NA,NA,0,0,D,Kontos,Athens,82,December
85D,2019-11-16T00:00:00Z,NA,NA,NA,0,0,D,Kontos,Athens,82,November
86D,2019-10-14T00:00:00Z,NA,NA,NA,0,0,D,Kontos,Athens,82,October
86D,2019-12-11T00:00:00Z,NA,NA,NA,0,0,D,Kontos,Athens,82,December
86D,2019-11-16T00:00:00Z,NA,NA,NA,0,0,D,Kontos,Athens,82,November
87D,2019-12-11T00:00:00Z,NA,NA,NA,0,0,D,Kontos,Athens,82,December
87D,2019-10-14T00:00:00Z,NA,NA,NA,0,0,D,Kontos,Athens,82,October
87D,2019-11-16T00:00:00Z,NA,NA,NA,0,0,D,Kontos,Athens,82,November
13E,2019-10-23T00:00:00Z,NA,NA,NA,0,0,E,Mites,Athens,81,October
13E,2019-10-14T00:00:00Z,NA,NA,NA,0,0,E,Mites,Athens,81,October
13E,2019-11-21T00:00:00Z,NA,NA,NA,0,0,E,Mites,Athens,81,November
14E,2019-10-23T00:00:00Z,NA,NA,NA,0,0,E,Mites,Athens,81,October
14E,2019-10-14T00:00:00Z,NA,NA,NA,0,1,E,Mites,Athens,81,October
14E,2019-11-21T00:00:00Z,NA,NA,NA,0,0,E,Mites,Athens,81,November
15E,2019-10-23T00:00:00Z,NA,NA,NA,0,0,E,Mites,Athens,81,October
15E,2019-10-14T00:00:00Z,NA,NA,NA,0,0,E,Mites,Athens,81,October
15E,2019-11-21T00:00:00Z,NA,NA,NA,0,0,E,Mites,Athens,81,November
28E,2019-10-14T00:00:00Z,NA,NA,NA,0,1,E,Kontos,Athens,82,October
28E,2019-11-21T00:00:00Z,NA,NA,NA,0,0,E,Kontos,Athens,82,November
28E,2019-10-23T00:00:00Z,NA,NA,NA,0,0,E,Kontos,Athens,82,October
29E,2019-10-14T00:00:00Z,NA,NA,NA,0,5,E,Kontos,Athens,82,October
29E,2019-10-23T00:00:00Z,NA,NA,NA,0,0,E,Kontos,Athens,82,October
29E,2019-11-21T00:00:00Z,NA,NA,NA,0,0,E,Kontos,Athens,82,November
30E,2019-10-14T00:00:00Z,NA,NA,NA,0,0,E,Kontos,Athens,82,October
30E,2019-11-21T00:00:00Z,NA,NA,NA,0,0,E,Kontos,Athens,82,November
30E,2019-10-23T00:00:00Z,NA,NA,NA,0,0,E,Kontos,Athens,82,October
43E,2019-10-14T00:00:00Z,NA,NA,NA,0,0,E,MN,Athens,81,October
43E,2019-11-01T00:00:00Z,NA,NA,NA,0,0,E,MN,Athens,81,November
43E,2019-12-05T00:00:00Z,NA,NA,NA,0,1,E,MN,Athens,81,December
44E,2019-10-14T00:00:00Z,NA,NA,NA,0,0,E,MN,Athens,81,October
44E,2019-12-05T00:00:00Z,NA,NA,NA,0,0,E,MN,Athens,81,December
44E,2019-11-01T00:00:00Z,NA,NA,NA,0,0,E,MN,Athens,81,November
45E,2019-10-14T00:00:00Z,NA,NA,NA,0,4,E,MN,Athens,81,October
45E,2019-11-01T00:00:00Z,NA,NA,NA,0,0,E,MN,Athens,81,November
45E,2019-12-05T00:00:00Z,NA,NA,NA,0,0,E,MN,Athens,81,December
58E,2019-10-14T00:00:00Z,NA,NA,NA,0,0,E,Water,Athens,79,October
58E,2019-12-05T00:00:00Z,NA,NA,NA,0,0,E,Water,Athens,79,December
58E,2019-11-01T00:00:00Z,NA,NA,NA,0,0,E,Water,Athens,79,November
59E,2019-10-14T00:00:00Z,NA,NA,NA,0,0,E,Water,Athens,79,October
59E,2019-12-05T00:00:00Z,NA,NA,NA,0,1,E,Water,Athens,79,December
59E,2019-11-01T00:00:00Z,NA,NA,NA,0,0,E,Water,Athens,79,November
60E,2019-10-14T00:00:00Z,NA,NA,NA,0,5,E,Water,Athens,79,October
60E,2019-11-01T00:00:00Z,NA,NA,NA,0,1,E,Water,Athens,79,November
60E,2019-12-05T00:00:00Z,NA,NA,NA,0,0,E,Water,Athens,79,December
73E,2019-10-14T00:00:00Z,NA,NA,NA,0,0,E,Ninja,Athens,81,October
73E,2019-11-16T00:00:00Z,NA,NA,NA,0,0,E,Ninja,Athens,81,November
73E,2019-12-11T00:00:00Z,NA,NA,NA,0,0,E,Ninja,Athens,81,December
74E,2019-10-14T00:00:00Z,NA,NA,NA,0,0,E,Ninja,Athens,81,October
74E,2019-12-11T00:00:00Z,NA,NA,NA,0,0,E,Ninja,Athens,81,December
74E,2019-11-16T00:00:00Z,NA,NA,NA,0,0,E,Ninja,Athens,81,November
75E,2019-10-14T00:00:00Z,NA,NA,NA,0,0,E,Ninja,Athens,81,October
75E,2019-11-16T00:00:00Z,NA,NA,NA,0,0,E,Ninja,Athens,81,November
75E,2019-12-11T00:00:00Z,NA,NA,NA,0,0,E,Ninja,Athens,81,December
88E,2019-10-14T00:00:00Z,NA,NA,NA,0,0,E,Actigard,Athens,81,October
88E,2019-11-16T00:00:00Z,NA,NA,NA,0,1,E,Actigard,Athens,81,November
88E,2019-12-11T00:00:00Z,NA,NA,NA,0,0,E,Actigard,Athens,81,December
89E,2019-12-11T00:00:00Z,NA,NA,NA,0,0,E,Actigard,Athens,81,December
89E,2019-10-14T00:00:00Z,NA,NA,NA,0,1,E,Actigard,Athens,81,October
89E,2019-11-16T00:00:00Z,NA,NA,NA,0,0,E,Actigard,Athens,81,November
90E,2019-10-14T00:00:00Z,NA,NA,NA,0,0,E,Actigard,Athens,81,October
90E,2019-12-11T00:00:00Z,NA,NA,NA,0,0,E,Actigard,Athens,81,December
90E,2019-11-16T00:00:00Z,NA,NA,NA,0,0,E,Actigard,Athens,81,November
10X,2019-10-16T00:00:00Z,NA,NA,NA,0,0,X,Mites,Griffin,81,October
10X,2019-11-07T00:00:00Z,NA,NA,NA,0,0,X,Mites,Griffin,81,November
10X,2019-10-09T00:00:00Z,NA,NA,NA,0,1,X,Mites,Griffin,81,October
10X,2019-11-26T00:00:00Z,NA,NA,NA,0,0,X,Mites,Griffin,81,November
11X,2019-10-16T00:00:00Z,NA,NA,NA,0,0,X,Mites,Griffin,81,October
11X,2019-11-07T00:00:00Z,NA,NA,NA,0,0,X,Mites,Griffin,81,November
11X,2019-10-09T00:00:00Z,NA,NA,NA,0,0,X,Mites,Griffin,81,October
11X,2019-11-26T00:00:00Z,NA,NA,NA,0,0,X,Mites,Griffin,81,November
12X,2019-11-07T00:00:00Z,NA,NA,NA,0,0,X,Mites,Griffin,81,November
12X,2019-10-16T00:00:00Z,NA,NA,NA,0,0,X,Mites,Griffin,81,October
12X,2019-10-09T00:00:00Z,NA,NA,NA,0,0,X,Mites,Griffin,81,October
12X,2019-11-26T00:00:00Z,NA,NA,NA,0,0,X,Mites,Griffin,81,November
19X,2019-11-26T00:00:00Z,NA,NA,NA,0,0,X,Kontos,Griffin,82,November
19X,2019-10-09T00:00:00Z,NA,NA,NA,0,0,X,Kontos,Griffin,82,October
19X,2019-10-23T00:00:00Z,NA,NA,NA,0,0,X,Kontos,Griffin,82,October
19X,2019-11-13T00:00:00Z,NA,NA,NA,0,0,X,Kontos,Griffin,82,November
1X,2019-11-07T00:00:00Z,NA,NA,NA,0,0,X,Water,Griffin,79,November
1X,2019-10-16T00:00:00Z,NA,NA,NA,0,0,X,Water,Griffin,79,October
1X,2019-11-26T00:00:00Z,NA,NA,NA,0,0,X,Water,Griffin,79,November
1X,2019-10-09T00:00:00Z,NA,NA,NA,0,0,X,Water,Griffin,79,October
20X,2019-11-13T00:00:00Z,NA,NA,NA,0,0,X,Kontos,Griffin,82,November
20X,2019-10-23T00:00:00Z,NA,NA,NA,0,0,X,Kontos,Griffin,82,October
20X,2019-11-26T00:00:00Z,NA,NA,NA,0,0,X,Kontos,Griffin,82,November
20X,2019-11-13T00:00:00Z,NA,NA,NA,0,0,X,Kontos,Griffin,82,November
20X,2019-10-09T00:00:00Z,NA,NA,NA,0,0,X,Kontos,Griffin,82,October
21X,2019-10-09T00:00:00Z,NA,NA,NA,0,0,X,Kontos,Griffin,82,October
21X,2019-10-23T00:00:00Z,NA,NA,NA,0,0,X,Kontos,Griffin,82,October
21X,2019-11-26T00:00:00Z,NA,NA,NA,0,0,X,Kontos,Griffin,82,November
28X,2019-10-09T00:00:00Z,NA,NA,NA,0,0,X,Ninja,Griffin,81,October
28X,2019-11-26T00:00:00Z,NA,NA,NA,0,0,X,Ninja,Griffin,81,November
28X,2019-11-13T00:00:00Z,NA,NA,NA,0,0,X,Ninja,Griffin,81,November
28X,2019-10-23T00:00:00Z,NA,NA,NA,0,0,X,Ninja,Griffin,81,October
29X,2019-11-26T00:00:00Z,NA,NA,NA,0,0,X,Ninja,Griffin,81,November
29X,2019-10-09T00:00:00Z,NA,NA,NA,0,0,X,Ninja,Griffin,81,October
29X,2019-11-13T00:00:00Z,NA,NA,NA,0,0,X,Ninja,Griffin,81,November
29X,2019-10-23T00:00:00Z,NA,NA,NA,0,0,X,Ninja,Griffin,81,October
2X,2019-11-07T00:00:00Z,NA,NA,NA,0,0,X,Water,Griffin,79,November
2X,2019-10-16T00:00:00Z,NA,NA,NA,0,0,X,Water,Griffin,79,October
2X,2019-11-26T00:00:00Z,NA,NA,NA,0,0,X,Water,Griffin,79,November
2X,2019-10-09T00:00:00Z,NA,NA,NA,0,0,X,Water,Griffin,79,October
30X,2019-10-23T00:00:00Z,NA,NA,NA,0,0,X,Ninja,Griffin,81,October
30X,2019-10-09T00:00:00Z,NA,NA,NA,0,0,X,Ninja,Griffin,81,October
30X,2019-11-13T00:00:00Z,NA,NA,NA,0,0,X,Ninja,Griffin,81,November
30X,2019-11-26T00:00:00Z,NA,NA,NA,0,0,X,Ninja,Griffin,81,November
37X,2019-10-31T00:00:00Z,NA,NA,NA,0,0,X,Actigard,Griffin,81,October
37X,2019-11-26T00:00:00Z,NA,NA,NA,0,0,X,Actigard,Griffin,81,November
37X,2019-10-09T00:00:00Z,NA,NA,NA,0,1,X,Actigard,Griffin,81,October
37X,2019-11-26T00:00:00Z,NA,NA,NA,0,0,X,Actigard,Griffin,81,November
38X,2019-10-31T00:00:00Z,NA,NA,NA,0,0,X,Actigard,Griffin,81,October
38X,2019-10-09T00:00:00Z,NA,NA,NA,0,0,X,Actigard,Griffin,81,October
38X,2019-11-26T00:00:00Z,NA,NA,NA,0,0,X,Actigard,Griffin,81,November
38X,2019-11-20T00:00:00Z,NA,NA,NA,0,0,X,Actigard,Griffin,81,November
39X,2019-11-20T00:00:00Z,NA,NA,NA,0,0,X,Actigard,Griffin,81,November
39X,2019-10-31T00:00:00Z,NA,NA,NA,0,0,X,Actigard,Griffin,81,October
39X,2019-11-26T00:00:00Z,NA,NA,NA,0,0,X,Actigard,Griffin,81,November
39X,2019-10-09T00:00:00Z,NA,NA,NA,0,0,X,Actigard,Griffin,81,October
3X,2019-10-16T00:00:00Z,NA,NA,NA,0,0,X,Water,Griffin,79,October
3X,2019-11-07T00:00:00Z,NA,NA,NA,0,0,X,Water,Griffin,79,November
3X,2019-11-26T00:00:00Z,NA,NA,NA,0,0,X,Water,Griffin,79,November
3X,2019-10-09T00:00:00Z,NA,NA,NA,0,0,X,Water,Griffin,79,October
46X,2019-10-31T00:00:00Z,NA,NA,NA,0,0,X,MN,Griffin,81,October
46X,2019-11-20T00:00:00Z,NA,NA,NA,0,0,X,MN,Griffin,81,November
46X,2019-10-09T00:00:00Z,NA,NA,NA,0,0,X,MN,Griffin,81,October
46X,2019-11-26T00:00:00Z,NA,NA,NA,0,0,X,MN,Griffin,81,November
47X,2019-10-31T00:00:00Z,NA,NA,NA,0,0,X,MN,Griffin,81,October
47X,2019-11-20T00:00:00Z,NA,NA,NA,0,0,X,MN,Griffin,81,November
47X,2019-11-26T00:00:00Z,NA,NA,NA,0,0,X,MN,Griffin,81,November
47X,2019-10-09T00:00:00Z,NA,NA,NA,0,0,X,MN,Griffin,81,October
48X,2019-10-31T00:00:00Z,NA,NA,NA,0,0,X,MN,Griffin,81,October
48X,2019-11-26T00:00:00Z,NA,NA,NA,0,0,X,MN,Griffin,81,November
48X,2019-11-20T00:00:00Z,NA,NA,NA,0,0,X,MN,Griffin,81,November
48X,2019-10-09T00:00:00Z,NA,NA,NA,0,0,X,MN,Griffin,81,October
13Y,2019-11-07T00:00:00Z,NA,NA,NA,0,0,Y,Ninja,Griffin,81,November
13Y,2019-10-16T00:00:00Z,NA,NA,NA,0,0,Y,Ninja,Griffin,81,October
13Y,2019-11-26T00:00:00Z,NA,NA,NA,0,0,Y,Ninja,Griffin,81,November
13Y,2019-10-09T00:00:00Z,NA,NA,NA,0,0,Y,Ninja,Griffin,81,October
14Y,2019-11-07T00:00:00Z,NA,NA,NA,0,0,Y,Ninja,Griffin,81,November
14Y,2019-10-16T00:00:00Z,NA,NA,NA,0,0,Y,Ninja,Griffin,81,October
14Y,2019-10-09T00:00:00Z,NA,NA,NA,0,0,Y,Ninja,Griffin,81,October
14Y,2019-11-26T00:00:00Z,NA,NA,NA,0,0,Y,Ninja,Griffin,81,November
15Y,2019-10-16T00:00:00Z,NA,NA,NA,0,0,Y,Ninja,Griffin,81,October
15Y,2019-11-07T00:00:00Z,NA,NA,NA,0,0,Y,Ninja,Griffin,81,November
15Y,2019-10-09T00:00:00Z,NA,NA,NA,0,0,Y,Ninja,Griffin,81,October
15Y,2019-11-26T00:00:00Z,NA,NA,NA,0,0,Y,Ninja,Griffin,81,November
22Y,2019-10-23T00:00:00Z,NA,NA,NA,0,0,Y,Water,Griffin,79,October
22Y,2019-11-13T00:00:00Z,NA,NA,NA,0,0,Y,Water,Griffin,79,November
22Y,2019-10-09T00:00:00Z,NA,NA,NA,0,0,Y,Water,Griffin,79,October
23Y,2019-10-09T00:00:00Z,NA,NA,NA,0,0,Y,Water,Griffin,79,October
23Y,2019-10-23T00:00:00Z,NA,NA,NA,0,0,Y,Water,Griffin,79,October
23Y,2019-11-26T00:00:00Z,NA,NA,NA,0,0,Y,Water,Griffin,79,November
23Y,2019-11-13T00:00:00Z,NA,NA,NA,0,0,Y,Water,Griffin,79,November
24Y,2019-11-13T00:00:00Z,NA,NA,NA,0,0,Y,Water,Griffin,79,November
24Y,2019-11-26T00:00:00Z,NA,NA,NA,0,0,Y,Water,Griffin,79,November
24Y,2019-10-23T00:00:00Z,NA,NA,NA,0,0,Y,Water,Griffin,79,October
31Y,2019-10-23T00:00:00Z,NA,NA,NA,0,0,Y,MN,Griffin,81,October
31Y,2019-11-26T00:00:00Z,NA,NA,NA,0,0,Y,MN,Griffin,81,November
31Y,2019-11-13T00:00:00Z,NA,NA,NA,0,0,Y,MN,Griffin,81,November
31Y,2019-10-09T00:00:00Z,NA,NA,NA,0,0,Y,MN,Griffin,81,October
32Y,2019-11-13T00:00:00Z,NA,NA,NA,0,0,Y,MN,Griffin,81,November
32Y,2019-11-26T00:00:00Z,NA,NA,NA,0,0,Y,MN,Griffin,81,November
32Y,2019-10-23T00:00:00Z,NA,NA,NA,0,0,Y,MN,Griffin,81,October
32Y,2019-10-09T00:00:00Z,NA,NA,NA,0,0,Y,MN,Griffin,81,October
33Y,2019-10-09T00:00:00Z,NA,NA,NA,0,0,Y,MN,Griffin,81,October
33Y,2019-10-23T00:00:00Z,NA,NA,NA,0,0,Y,MN,Griffin,81,October
33Y,2019-11-13T00:00:00Z,NA,NA,NA,0,0,Y,MN,Griffin,81,November
33Y,2019-11-26T00:00:00Z,NA,NA,NA,0,0,Y,MN,Griffin,81,November
40Y,2019-10-31T00:00:00Z,NA,NA,NA,0,0,Y,Kontos,Griffin,82,October
40Y,2019-11-20T00:00:00Z,NA,NA,NA,0,0,Y,Kontos,Griffin,82,November
40Y,2019-10-09T00:00:00Z,NA,NA,NA,0,0,Y,Kontos,Griffin,82,October
40Y,2019-11-26T00:00:00Z,NA,NA,NA,0,0,Y,Kontos,Griffin,82,November
41Y,2019-10-31T00:00:00Z,NA,NA,NA,0,0,Y,Kontos,Griffin,82,October
41Y,2019-11-20T00:00:00Z,NA,NA,NA,0,0,Y,Kontos,Griffin,82,November
41Y,2019-11-26T00:00:00Z,NA,NA,NA,0,0,Y,Kontos,Griffin,82,November
41Y,2019-10-09T00:00:00Z,NA,NA,NA,0,0,Y,Kontos,Griffin,82,October
42Y,2019-10-31T00:00:00Z,NA,NA,NA,0,0,Y,Kontos,Griffin,82,October
42Y,2019-10-09T00:00:00Z,NA,NA,NA,0,0,Y,Kontos,Griffin,82,October
42Y,2019-11-20T00:00:00Z,NA,NA,NA,0,0,Y,Kontos,Griffin,82,November
42Y,2019-11-26T00:00:00Z,NA,NA,NA,0,0,Y,Kontos,Griffin,82,November
49Y,2019-10-31T00:00:00Z,NA,NA,NA,0,0,Y,Mites,Griffin,81,October
49Y,2019-10-09T00:00:00Z,NA,NA,NA,0,1,Y,Mites,Griffin,81,October
49Y,2019-11-26T00:00:00Z,NA,NA,NA,0,0,Y,Mites,Griffin,81,November
49Y,2019-11-20T00:00:00Z,NA,NA,NA,0,0,Y,Mites,Griffin,81,November
4Y,2019-11-07T00:00:00Z,NA,NA,NA,0,0,Y,Actigard,Griffin,81,November
4Y,2019-10-16T00:00:00Z,NA,NA,NA,0,0,Y,Actigard,Griffin,81,October
4Y,2019-10-09T00:00:00Z,NA,NA,NA,0,0,Y,Actigard,Griffin,81,October
4Y,2019-11-26T00:00:00Z,NA,NA,NA,0,0,Y,Actigard,Griffin,81,November
50Y,2019-10-31T00:00:00Z,NA,NA,NA,0,0,Y,Mites,Griffin,81,October
50Y,2019-11-20T00:00:00Z,NA,NA,NA,0,0,Y,Mites,Griffin,81,November
50Y,2019-10-09T00:00:00Z,NA,NA,NA,0,0,Y,Mites,Griffin,81,October
50Y,2019-11-26T00:00:00Z,NA,NA,NA,0,1,Y,Mites,Griffin,81,November
51Y,2019-11-26T00:00:00Z,NA,NA,NA,0,0,Y,Mites,Griffin,81,November
51Y,2019-10-31T00:00:00Z,NA,NA,NA,0,0,Y,Mites,Griffin,81,October
51Y,2019-10-09T00:00:00Z,NA,NA,NA,0,0,Y,Mites,Griffin,81,October
51Y,2019-11-20T00:00:00Z,NA,NA,NA,0,0,Y,Mites,Griffin,81,November
5Y,2019-10-16T00:00:00Z,NA,NA,NA,0,0,Y,Actigard,Griffin,81,October
5Y,2019-11-07T00:00:00Z,NA,NA,NA,0,0,Y,Actigard,Griffin,81,November
5Y,2019-10-09T00:00:00Z,NA,NA,NA,0,0,Y,Actigard,Griffin,81,October
5Y,2019-11-26T00:00:00Z,NA,NA,NA,0,0,Y,Actigard,Griffin,81,November
6Y,2019-10-16T00:00:00Z,NA,NA,NA,0,0,Y,Actigard,Griffin,81,October
6Y,2019-11-07T00:00:00Z,NA,NA,NA,0,0,Y,Actigard,Griffin,81,November
6Y,2019-11-26T00:00:00Z,NA,NA,NA,0,0,Y,Actigard,Griffin,81,November
6Y,2019-10-09T00:00:00Z,NA,NA,NA,0,0,Y,Actigard,Griffin,81,October
7Y,2019-11-26T00:00:00Z,NA,NA,NA,0,0,Y,Kontos,Griffin,82,November
8Y,2019-11-26T00:00:00Z,NA,NA,NA,0,0,Y,Kontos,Griffin,82,November
9Y,2019-11-26T00:00:00Z,NA,NA,NA,0,0,Y,Kontos,Griffin,82,November
16Z,2019-10-09T00:00:00Z,NA,NA,NA,0,0,Z,MN,Griffin,81,October
16Z,2019-11-07T00:00:00Z,NA,NA,NA,0,0,Z,MN,Griffin,81,November
16Z,2019-11-26T00:00:00Z,NA,NA,NA,0,0,Z,MN,Griffin,81,November
16Z,2019-10-16T00:00:00Z,NA,NA,NA,0,0,Z,MN,Griffin,81,October
17Z,2019-11-07T00:00:00Z,NA,NA,NA,0,0,Z,MN,Griffin,81,November
17Z,2019-10-09T00:00:00Z,NA,NA,NA,0,0,Z,MN,Griffin,81,October
17Z,2019-10-16T00:00:00Z,NA,NA,NA,0,0,Z,MN,Griffin,81,October
17Z,2019-11-26T00:00:00Z,NA,NA,NA,0,0,Z,MN,Griffin,81,November
18Z,2019-10-16T00:00:00Z,NA,NA,NA,0,0,Z,MN,Griffin,81,October
18Z,2019-11-07T00:00:00Z,NA,NA,NA,0,0,Z,MN,Griffin,81,November
18Z,2019-10-09T00:00:00Z,NA,NA,NA,0,0,Z,MN,Griffin,81,October
18Z,2019-11-26T00:00:00Z,NA,NA,NA,0,0,Z,MN,Griffin,81,November
24Z,2019-10-09T00:00:00Z,NA,NA,NA,0,0,Z,Water,Griffin,79,October
25Z,2019-10-09T00:00:00Z,NA,NA,NA,0,0,Z,Mites,Griffin,81,October
25Z,2019-11-26T00:00:00Z,NA,NA,NA,0,0,Z,Mites,Griffin,81,November
25Z,2019-11-13T00:00:00Z,NA,NA,NA,0,0,Z,Mites,Griffin,81,November
25Z,2019-10-23T00:00:00Z,NA,NA,NA,0,0,Z,Mites,Griffin,81,October
26Z,2019-10-09T00:00:00Z,NA,NA,NA,0,0,Z,Mites,Griffin,81,October
26Z,2019-10-23T00:00:00Z,NA,NA,NA,0,0,Z,Mites,Griffin,81,October
26Z,2019-11-13T00:00:00Z,NA,NA,NA,0,1,Z,Mites,Griffin,81,November
26Z,2019-11-26T00:00:00Z,NA,NA,NA,0,0,Z,Mites,Griffin,81,November
27Z,2019-10-09T00:00:00Z,NA,NA,NA,0,0,Z,Mites,Griffin,81,October
27Z,2019-10-23T00:00:00Z,NA,NA,NA,0,0,Z,Mites,Griffin,81,October
27Z,2019-11-13T00:00:00Z,NA,NA,NA,0,0,Z,Mites,Griffin,81,November
27Z,2019-11-26T00:00:00Z,NA,NA,NA,0,0,Z,Mites,Griffin,81,November
34Z,2019-10-09T00:00:00Z,NA,NA,NA,0,0,Z,Actigard,Griffin,81,October
34Z,2019-11-13T00:00:00Z,NA,NA,NA,0,0,Z,Actigard,Griffin,81,November
34Z,2019-10-23T00:00:00Z,NA,NA,NA,0,0,Z,Actigard,Griffin,81,October
34Z,2019-11-26T00:00:00Z,NA,NA,NA,0,0,Z,Actigard,Griffin,81,November
35Z,2019-10-23T00:00:00Z,NA,NA,NA,0,0,Z,Actigard,Griffin,81,October
35Z,2019-11-13T00:00:00Z,NA,NA,NA,0,0,Z,Actigard,Griffin,81,November
35Z,2019-11-26T00:00:00Z,NA,NA,NA,0,0,Z,Actigard,Griffin,81,November
35Z,2019-10-09T00:00:00Z,NA,NA,NA,0,0,Z,Actigard,Griffin,81,October
36Z,2019-10-23T00:00:00Z,NA,NA,NA,0,0,Z,Actigard,Griffin,81,October
36Z,2019-11-26T00:00:00Z,NA,NA,NA,0,0,Z,Actigard,Griffin,81,November
36Z,2019-11-13T00:00:00Z,NA,NA,NA,0,0,Z,Actigard,Griffin,81,November
36Z,2019-10-09T00:00:00Z,NA,NA,NA,0,0,Z,Actigard,Griffin,81,October
43Z,2019-10-31T00:00:00Z,NA,NA,NA,0,0,Z,Water,Griffin,79,October
43Z,2019-11-26T00:00:00Z,NA,NA,NA,0,0,Z,Water,Griffin,79,November
43Z,2019-10-09T00:00:00Z,NA,NA,NA,0,0,Z,Water,Griffin,79,October
43Z,2019-11-20T00:00:00Z,NA,NA,NA,0,0,Z,Water,Griffin,79,November
44Z,2019-10-31T00:00:00Z,NA,NA,NA,0,0,Z,Water,Griffin,79,October
44Z,2019-11-20T00:00:00Z,NA,NA,NA,0,0,Z,Water,Griffin,79,November
44Z,2019-11-26T00:00:00Z,NA,NA,NA,0,0,Z,Water,Griffin,79,November
44Z,2019-10-09T00:00:00Z,NA,NA,NA,0,0,Z,Water,Griffin,79,October
45Z,2019-11-26T00:00:00Z,NA,NA,NA,0,0,Z,Water,Griffin,79,November
45Z,2019-10-31T00:00:00Z,NA,NA,NA,0,0,Z,Water,Griffin,79,October
45Z,2019-11-26T00:00:00Z,NA,NA,NA,0,0,Z,Water,Griffin,79,November
45Z,2019-10-09T00:00:00Z,NA,NA,NA,0,0,Z,Water,Griffin,79,October
52Z,2019-11-26T00:00:00Z,NA,NA,NA,0,0,Z,Ninja,Griffin,81,November
52Z,2019-10-31T00:00:00Z,NA,NA,NA,0,0,Z,Ninja,Griffin,81,October
52Z,2019-11-20T00:00:00Z,NA,NA,NA,0,0,Z,Ninja,Griffin,81,November
52Z,2019-10-09T00:00:00Z,NA,NA,NA,0,2,Z,Ninja,Griffin,81,October
53Z,2019-11-26T00:00:00Z,NA,NA,NA,0,0,Z,Ninja,Griffin,81,November
53Z,2019-10-31T00:00:00Z,NA,NA,NA,0,0,Z,Ninja,Griffin,81,October
53Z,2019-11-20T00:00:00Z,NA,NA,NA,0,0,Z,Ninja,Griffin,81,November
53Z,2019-10-09T00:00:00Z,NA,NA,NA,0,0,Z,Ninja,Griffin,81,October
54Z,2019-11-26T00:00:00Z,NA,NA,NA,0,0,Z,Ninja,Griffin,81,November
54Z,2019-10-31T00:00:00Z,NA,NA,NA,0,0,Z,Ninja,Griffin,81,October
54Z,2019-10-09T00:00:00Z,NA,NA,NA,0,0,Z,Ninja,Griffin,81,October
54Z,2019-11-20T00:00:00Z,NA,NA,NA,0,1,Z,Ninja,Griffin,81,November
7Z,2019-11-07T00:00:00Z,NA,NA,NA,0,0,Z,Kontos,Griffin,82,November
7Z,2019-10-16T00:00:00Z,NA,NA,NA,0,0,Z,Kontos,Griffin,82,October
7Z,2019-10-09T00:00:00Z,NA,NA,NA,0,0,Z,Kontos,Griffin,82,October
8Z,2019-11-07T00:00:00Z,NA,NA,NA,0,0,Z,Kontos,Griffin,82,November
8Z,2019-10-16T00:00:00Z,NA,NA,NA,0,0,Z,Kontos,Griffin,82,October
8Z,2019-10-09T00:00:00Z,NA,NA,NA,0,0,Z,Kontos,Griffin,82,October
9Z,2019-11-07T00:00:00Z,NA,NA,NA,0,0,Z,Kontos,Griffin,82,November
9Z,2019-10-16T00:00:00Z,NA,NA,NA,0,0,Z,Kontos,Griffin,82,October
9Z,2019-10-09T00:00:00Z,NA,NA,NA,0,0,Z,Kontos,Griffin,82,October
