Sample,Treatment,Injection Method,"2-Hexen-1-ol, acetate, (E)-",2-Hexenal,2-Thujene,"2,4,6-Octatriene, 2,6-dimethyl-, (E,Z)-",3-Hexen-1-ol Acetate (Z)-,"3-Hexen-1-ol, (Z)-","5-Hepten-2-one, <6-methyl->","Acetic acid, hexyl ester",Aromadendrene,Benzaldehyde,Benzaldehyde <para-ethyl->,"Bergamotene <alpha-, cis->",Bourbonene <beta->,"Cadina-1,4-diene <trans->",Cadinene <delta->,Calamenene,Camphor,Carene <delta-3>,Caryophyllene,Caryophyllene <9-epi-(E)->,Caryophyllene <beta->,Caryophyllene oxide,Copaene <alpha->,Copaene <beta->,Cubebene <beta->,D-Limonene,Decanal,Dodecane,Elemene <beta->,"Farnesene <(E)-, beta->","Farnesene <(E,E)-, alpha->",Germacrene D,"Hexadecane, 1-bromo-",Hexanal <n->,Humulene,"Limonene oxide, trans-",Mesitylene,Methyl Salicylate,Murrolene <alpha->,Murrolene <gamma->,Myrcene <beta->,"Napthlene, 1,6-dimethyl-4-1-methylethyl)-)",Nerolidol,"Nona-1,3,7-triene <4-8-dimethyl-, (E)->",Nonanal,"Ocimene, <beta->","Ocimene, <trans-beta->",p-Cymene,Pentadecane,"Pentane, 3-ethyl-2,2-dimethyl-",Phellandrene <beta->,Pinene <1R-alpha->,Pinene <alpha->,Pinene <beta->,Squalene,Styrene,Sulindac sulfide,Terpineol <alpha->,Toulene,Trivertal,Undecane,unknown,Xylene <m->,Zonarene
rose_1ul_nonyl_acetate,untreated,rrd_spme,0,0,0,0,0,0,0,0,0,0,0,0,1.7404245691321632e-5,0,0,0,0,1.9620646202370755e-4,0,0,0.03863465411408894,0,5.225017535308205e-5,0,0.002340166221156396,0,0,0,0,0,1.768214975352142e-5,0,0.00303914105265878,0,0,2.5832389090151706e-5,0,0,0.0035835527386170085,0.11301570918897082,0,0,0,0,0,0,0,2.0394888212197366e-5,0,0,4.307357523813109e-5,0.007494290976588496,6.767569980595273e-5,0.004382639954085701,0,0,0,1.775318394880461e-5,0,0,1.9810719789825116e-5,0,0,3.3382234456010575e-5
rose_actigard_clean_site_1,actigard,rrd_spme,0,0,0,0,0,0,0,0,0,0,0,0,0,0,0,0,0,0,0,0,0,0,0,0,0,0,0,0,0,0,0,0,0,0,0,0,0,0,0,0,0,0,0,0,0,0,0,0,0,0,0,0.0310047566693165,0,0.01153386081824289,0,0,0,0,0,0,0,0,0,0
rose_actigard_clean_site_2,actigard,rrd_spme,0,0,0,0,0,0,0,0,0,0.1006868278388426,0,0,0,0,0,0,0,0,0,0,0,0,0,0,0,0,0,0,0,0,0,0,0,0,0,0,0,0,0,0.007588625423519358,0,0,0,0,0,0,0,0,0,0,0,0.01118258470150108,0,0.0010497681193837008,0,0,0,0,0,0,0,0,0,0
rose_actigard_clean_site_3,actigard,rrd_spme,0,0,0,0,0,0,0,0,0,0.19482666698585663,0,0,0,0,0,0,0,0,0,0,0,0,0,0,0,0,0,0,0,0,0,0,0,0,0,0,0,0,0,0,0,0,0,0,0,0,0,0,0,0,0,0.00746060939233429,0,0.00190484422748656,0,0,0.05487142743900541,0,0,0,0,0,0,0
rose_actigard_clean_site_4,actigard,rrd_spme,0,0,0,0,0,0,0,0,0,0.01184854975554416,0,0,0,0,0,0,0,0,0,0,0,0,0,0,0,0,0,0,0,0,0,0,0,0,0,0,0,0,0,0,0,0,0,0,0,0,0,0,0,0,0,3.73866721403908e-4,0,1.1904392968873402e-4,0.00562634759013174,0,0.02170456836863389,0,0,0,0,0,0,0
rose_actigard_clean_site_5,actigard,rrd_spme,0,0,0,0,0,0,0,0,0,0.01808382970207324,0,0,0,0,0,0,0,0,0,0,0,0,0,0,0,0,0,0,0,0,0,0,0,0,0,0,0,0,0,1.9005118827027608e-4,0,0,0,0,0,0,0,0,0,0,0,4.332872945181636e-4,0,1.6724664132770228e-4,0,0,0.01964373321040453,0,0,0,0,0,0,0
rose_actigard_clean_site_6,actigard,rrd_spme,0,0,0,0,0,0,0,0,0,0.0717265844879154,0,0,0,0,0,0,0,0,0,0,0,0,0,0,0,0,0,0,0,0,0,0,0,0,0,0,0,0,0,0.00103517678691007,0,0,0,0,0,0,0,0,0,0,0,0.01096653591357887,0,0.00590829935268127,0,0,0,0,0,0,0,0,0,0
rose_actigard_clean_site_7,actigard,rrd_spme,0,0,0,0,0,0,0,0,0,0.0057758618093044,0,0,0,0,0,0,0,0,0,0,0,0,0,0,0,0,0,0,0,0,0,0,0,0,0,0,0,0,0,1.7748040315284088e-4,0,0,0,0,0,0,0,0,0,0,0,5.151436341206812e-4,0,2.5225956639644164e-4,0,0,0.00734676683023736,0,0,0,0,0,0,0
rose_actigard_clean_site_8,actigard,rrd_spme,0,0,0,0,0,0,0,0,0,0,0,2.580166615786461e-4,0,0,0,0,0,0,0,0,3.543711863189576e-4,0,0,0,0,0,0,0,0,0,0,0,0,0,0,0,0,0,3.536495689691054e-4,0.13161045979810898,0,0,0,0,0,0,0,0,0,0,0,0.01850937952987823,0,0.0156728673840801,0,0,0,0,0,0,0,0,0,0
rose_clean_site_11,untreated,rrd_spme,0,0,0,0,0,0,0,0,0,0,0,0,0,0,0,0,0,0,0,0,0,0,0,0,0,0,0,0.01439614032054066,0,0,0,0,0,0,0,0,0,0,2.3305258830051177e-4,0.10763479024157355,0,0,0,0,0,0,0,0,0.01956669177500636,0,6.852675190576909e-4,0.07810138157886615,0,0.04021986256974826,0,0,0,0,0,0,0,0,0,0
rose_clean_site_12,untreated,rrd_spme,0,0,0,0,0,0,0,0,0,0.11036074740379434,0,0,0,0,0,0,0,1.623383994359844e-4,0,0,0,0,0,0,0,0,0.01045183582178554,0,0,0,0,0,0,0,0,2.129668722072681e-4,0,0,0,0,0,0,0,0,0.06545920601509164,0,0,0,0,0,1.9464960758998668e-4,0.0016797487525747326,0,0.0010389277276461651,0.10881007862260175,0.7496771006322487,0.01152536265113948,2.3651125271951097e-4,0,0,0,0,0.1858229773575582,0
rose_clean_site_13,untreated,rrd_spme,0,0,0,0,0,0,0,0,0,0.00869337403685568,0,0,0,0,0,0,0,0,0,0,0,0,0,0,0,0,0,0,0,0,0,0,0,0,0,0,1.5198119721538227e-4,0,1.964758012437208e-4,0.11872173081384162,0,0,0,0,0,0,0,0,0,0,3.3865161946448126e-4,0.08104404431423143,0,0.0548971536517137,0.009171388016862195,0.23686849758786424,0,0,0,0,0,0,0.0593520571977754,0
rose_clean_site_14,untreated,rrd_spme,0,0,0,0,0,0,0,0,0,0.00174539041380233,3.830124344576541e-4,0,0,0,0,0,0,0,0,0,0,4.126942292129122e-4,0,0,0,0,3.94877920249675e-4,5.553180551260994e-4,0,0,1.9560432509407305e-4,0,2.9628953766099963e-4,0,0,0,0,0,6.135243430963449e-4,8.95277075695232e-4,0,0,0,0,0,0,0,0,0,0,0,0,0,0,0,0.00909601744250172,0.00171601457937481,0,0,0,0,0,0.00255860765535412,0.002851379845283344
rose_clean_site_15,untreated,rrd_spme,0,0,0,0,0,0,0,0,0,0.8366685251272367,0,5.020627189878276e-4,0,0,0,0,0,0,0,0,0.01923885635955862,0,4.966804058857287e-4,0,0,0,0.04785019438354739,0,0,0,7.49831034536697e-4,0,0,0,0,0,9.79973788129353e-4,0,0.02048990138542103,0.4471411597393485,0,0,0,0,0,0,0,0,0,0,0.00123324015944902,0.1664838096769506,0,0.12896000727223683,0,2.0108412766081107,0.0363183277811818,0,0,0,0,0,0.4649822085515736,4.099437401886274e-4
rose_clean_site_16,untreated,rrd_spme,0,0,0,0,0,0,0,0,0,0.02187291288643878,0,0,0,0,0,0,0,0,0,0,0,0,0,0,0,0,0.02124774141065744,0,0,0,0,0,0,0,0,0,0,0,0,0.09187423979493227,0,0,0,0,0,0,0,0.01606108411930662,0,0,3.9825011263315926e-4,0.05578608090886284,0,0.0423612238403377,0,0.5240684674621325,0.01016311372279074,0,0,0,0,0,0.22290060409398785,0
rose_clean_site_17,untreated,rrd_spme,0,0,0,0,0,0,0,0,0,0.6438208490280831,0,3.367642395651663e-4,0,0,0,0,0,0,0,0,4.513717844260649e-4,0,0,0,0,0,0.01743068819594499,0,0,0,0,0,0,0,0,0,0,0,5.579503922711095e-4,0.23742360084501446,0,0,0,0,0,0,0,0.02555761331106766,0.01507818937112823,0,5.25945815226143e-4,0.08699716396759655,0,0.06274600333994522,0,0.4757127616329569,0,0,0,0,0,0,0.2492366150013791,0
rose_clean_site_18,untreated,rrd_spme,0,0,0,0,0,0,0,0,0,0.3754316317489533,0,2.4595812831620034e-4,0,0,0,0,0,0,0,0,0.00884518106665675,0,2.5611944914919534e-4,0,0,0,0.01029943130406902,0,0,0,0,0,0,0,0,0,6.043007376074418e-4,0,1.7985296818517178e-4,0.08907184626612606,0,0,0,0,0,0,0,0.0080307052976062,0,0,7.323866485099268e-4,0.06214072746824658,0,0.04907104732605824,0,0.22050535897647328,0,0,0,0,0,0,0.11773140947786412,0
rose_clean_site_19,untreated,rrd_spme,0,0,0,0,0,0,0,0,0,1.5176137066389435,0,0,0,0,0,0,0,0,0,0,0,0,0,0,0,0,0.03363773244146858,0,0,0,0,0,0,0,0,0,0,0,0,0.04711043869188024,0,0,0,0,0,0,0,0,0,0,7.322018186635076e-4,0.10975377613523998,0.0015847814905929857,0.052952548881740676,0,1.5574616275265196,0,0,0,0,0,0,0.9727386178003756,0
rose_clean_site_20,untreated,rrd_spme,0,0,0,0,0,0,0,0,0,0.5512649026572046,0,0,0,0,0,0,0,0,0,0,0,0,0,0,0,0,0.0145513073300846,0,0,0,0,0,0,0,0,0,0.05204643607117574,0,0,0.10213447115808993,0,0,0,0,0,0,0,0,0,0,3.9107606279128456e-4,0.14535118214417436,0,0.0776298428987493,0,0.6367491593328608,0,0,0,0,0,0,0.356701420913957,0
rose_clean_site_21,untreated,rrd_spme,0,0,0,0,0,0,0,0,0,0.00726634488545204,0,2.9069465324619756e-4,0,0,0,0,0,0,0,0,0.007026793593310407,0,0,0,0,0,0,0,0,0,0,0,0,0,0,0,3.334374939398088e-4,0,3.562121271454823e-4,0.11005175177888975,0,0,0,0,0,0,0,0,0,0,2.534423660702185e-4,0.01704551026893655,0,0.01539612237718624,0,0,0.00604908158887591,0,0,0,0,0,0,0
rose_rrv_site_1-1,rrv,rrd_spme,0,0,0,0,0,0,0,0,0,0,0,0,0,0,0,0,0,0.00207541356910604,0,0,0.0010256482022180957,0,0,0,0,0,0,0,0,0,9.360304364427425e-4,0,0,0,0,0,3.5023532109471886e-4,0,0,0.05436591555577694,0,0,0,0,0,0,0,0,0,0,0,0.00352263243441116,0,0.0019006466549400976,0,0,0,0,0,0,0,0,0,0
rose_rrv_site_1-2,rrv,rrd_spme,0,0,0,0,0,0,0,0,0,0,1.2264671050759402e-4,0,0,0,0,0,0,2.493825533244559e-4,0,0,0.027456517345477875,6.273476278547001e-5,1.2853084805834126e-4,0,5.711504264973626e-5,0,0.00541797116466874,0,0,0,8.791028772739306e-5,0,0,0,0,0,0.005837565932007285,0,0.003271580243280333,0.08977710088104837,0,0,0,0,0,0,0,0,0,0,0,4.302664071070502e-4,0,2.4254488321704868e-4,0,0,0,0,0,0,0,0,0,0
rose_rrv_site_1-3,rrv,rrd_spme,0,0,0,0,0,0,0,0,0,0,0,0,0,0,0,0,0,8.103308879974512e-4,0,0,0.05249740702020976,1.0926648802833139e-4,1.6060001560351121e-4,0,1.1422364908120001e-4,0,0,0,0,0,1.1843982925431784e-4,0,0,0,0,0,5.126975760526466e-4,0,2.2437873734846883e-4,0.21071288219019482,0,0,0,0,0,0,0,0,0,0,2.466540914849583e-4,0.01921653785736804,3.821582222447786e-4,0.00303720795603776,0,0,0,0,0,0,0,0,0,1.0428339972579798e-4
rose_rrv_site_1-4,rrv,rrd_spme,0,0,0,0,0,0,0,0,0,0.07390202400279554,0,0,0,0,0,0,0,4.888868517970885e-4,0,0,0.028296147095510385,0,0,0,0,0,0.01368823996993496,0,0,0,0,0,0,0,0,0,0,0,0,0.11229501926352724,0,0,0,0,0,0,0,0,0,0,0,0.0019895709576341312,0,9.251067006557766e-4,0,0,0,0,0,0,0,0,0,0
rose_rrv_site_2-1,rrv,rrd_spme,0,0,0,0,0,0,0,0,0,0,0,0,7.857411651094972e-4,0,0,0,0,0.01058956842056487,0,0,0.7324460778698887,0,0.00176509065774983,0,0.00190710691262937,0,0.09789249348091568,0,0,0,9.72898582820713e-4,0,0,0,0,0,0.15202397722977187,0,0.07800730891361338,3.312966833419771,0,0,0,0,0,0,0,0,0,0,0.00134278260181201,0.23082318474992514,0.005244403131487,0.1410596775164524,0,0,0,0,0,0,0,0,0,0.00160108179960638
rose_rrv_site_2-2,rrv,rrd_spme,0,0,0,0,0,0,0,0,0,0.20688451956816464,0,0,0,0,0,0,0,0,0,0,2.0661722338588187e-4,0,0,0,0,0,0.01724423491814332,0,0,0,0,0,0,0,0,0,0.01294631227123164,0,0,0.04208099709816933,0,0,0,0,0,0,0,0.022451055400823074,0,0,0,0.00113983206756708,0,7.3454546547372e-4,0,0,0,0,0,0,0,0,0,0
rose_rrv_site_2-3,rrv,rrd_spme,0,0,0,0,0,0,0,0,0,0.205304300940304,0,0,0,0,0,0,0,0,0,0,0,0,0,0,0,0,0.01546221011502118,0,0,0,0,0,0,0,0,0,0,0,0,0.018572548256856603,0,0,0,0,0,0,0,0.05667098194520125,0,0,0,7.890165316570012e-4,0,3.904817681989061e-4,0,0,0,0,0,0,0,0,0,0
rose_rrv_site_3-1,rrv,rrd_spme,0,0,0,0,0,0,0,0,0,0,0,0,0.0193908490041532,0,0,0,0,0.04815604596896061,0,0,0.24934207500276762,0.017436585262839435,6.409977761354732e-4,0,0.016217090291990175,0,0,2.809457079406878e-4,0,0,0.00834820075724536,0,0,0,0,3.0319636347217157e-4,0.00142546593856199,0,0.03145146984266872,0.8658676792644878,0,0,0,0,0,0,0,0,0,0,6.403386126762158e-4,0.06849387700163925,0.00255603583644999,0.0405423498736326,0.02589255125940604,0,0,0,0,0,4.827060055683214e-4,0,0,4.016636781979563e-4
rose_rrv_site_3-2,rrv,rrd_spme,0,0,0,0,0,0,0,0,0,0.4363118685140936,0,0,0,0,0,0,0,0,0,0,0.045641451132565736,0,5.660693228623458e-4,0,0,0,0.06206796680783593,0,0,0,9.621758396589898e-4,0,0,0,0,0,0,0,7.80414524509954e-4,0.6899379802090363,0,0,0,0,0,0,0,0,0,0,0,0.00530892712581626,0,0.00254092221120697,0,0,0,0,0,0,0,0,0,0
rose_rrv_site_3-3,rrv,rrd_spme,0,0,0,0,0,0,0,0,0,0.5638404022269362,0,0,0.04383614768576579,0,0,0,0,5.53562843654924e-4,0,0,0.066167021654334,0,0.026860785401888382,0,7.373939479464618e-4,0,0,0,0,0,0,0,0,0,0,0,0,0,0.03678237925050154,1.3173191578581265,0,0,0,0,0,0,0,0,0,0,3.7711045971171515e-4,0.11059325372007972,2.8472828152422075e-4,0.00647078804775874,0,0,0,0,0,0,0,0,0,6.891392212318286e-4
rose_rrv_site_4-1,rrv,rrd_spme,0,0,0,0,0,0,0,0,0,0,0,0,0,0,0,0,0,8.724770736598101e-4,0,0,0,0,0,0,0,0,0.01692204887884195,0,0,0,0,0,0,0,0,0,0,0,0,0.07067680759781603,0,0,0,0,0.03463147330184964,0,0,0,0,0,2.958163776968256e-4,0.02494008595001551,3.873174104663623e-4,0.00433148771579633,0,0,0,0,0,0,2.5402379782624884e-4,0,0,0
rose_clean_greenhouse_01-1,untreated,rrd_qsep,0.06278926761007815,0,0,0.12379296730725356,0.33781475388645116,0,0.00960048280553073,0,0,0,0,0,0,0,0,0.29088573032328635,0,0,1.1949645557137465,0.314111481967002,0,0,0,0.1899832883213141,0,0,0,0,0,0.512476714291835,1.509067461634479,0.38319063601546327,0,0,0.160591553280312,0,0,2.4326175349211225,0,4.94536545319512,0.04371833567778147,0,0,0.17370547613077372,0,1.2543716585405809,0.24407532951499009,0,0,0,0,0,0.4441567074326411,0.45535665411708015,0,0,0,0,0,0,0,0,0,0
rose_clean_greenhouse_01-2,untreated,rrd_qsep,0,0,0,0,0.02179969252986657,0,0,0,0,0,0,0,0,0,0,0.03994904150666489,0.0260683463414667,0,0.05758842992700038,0.00869577213090682,0,0,0.01548055788427824,0.00477347344325661,0,0,0,0,0,0,0.02585427748813885,0.01549390687799952,0,0,0,0,0,0.01482720755388103,0,0.27037615615017474,0,0,0,0,0,0,0,0,0,0,0,0,0,0,0,0,0,0,0,0,0,0,0,0
rose_clean_greenhouse_02-1,untreated,rrd_qsep,0,0,0,0,0.24750773890296665,0,0,0,0,0,0.2710270672296728,0,0,0,0,0,0,0,0,0,0,0,0,0,0,0,0,0,0.05544978480073109,0,0.1893977916883656,0,0,0,0,0,0,0.15557772077758372,0,0.1471123226094749,0,0,0,0.16394200226880082,0,0,0,0,0,0,0,0,0,0,0,0,0,0,0,0,0,1.2481574912537334,0,0
rose_clean_greenhouse_02-2,untreated,rrd_qsep,0.04017408867801414,0,0,0.07130944517975164,0,0.03509585915896814,0,0,0,0,0.01634703533368905,0,0,0,0,0.12684403781554007,0.02629222307018744,0,0.9085834225599092,0.15006841667070822,0,0,0.05468638049716499,0.10226509344605687,0,0,0,0,0.21691684386739404,0,1.4321613296453788,0.21787347581982547,0,0,0.07631031343211762,0,0,2.323598476599437,0,3.307761421969914,0.02023111470148431,0,0.18428573482973637,0.48162615348039745,0,0.7187681654492122,0.1215582927706121,0,0,0,0,0,0.1129961524173424,0.10200382039542724,0,0,0,0,0,0,0,0,0,0
rose_clean_greenhouse_02-3,untreated,rrd_qsep,0.05667430962675723,0,0,0.26275273931936444,0.4004116948208956,0,0,0,0,0,0,0,0,0.06396867736978733,0,0.3406059893210652,0.03448859821801121,0,1.1194204429158996,0.21287385926845395,0,0,0.12548262714334396,0.16302593181787609,0,0.4430491780146138,0,0,0,0,1.278401257074075,0.26653037187906725,0,0,0.05991078826083257,0,0,0.11675182738986392,0,4.873324058388965,0.08350052231113543,0,0.03308319860299912,0.14169873081121656,0,2.5093659588592283,0.49074645878748474,0,0,0,0,0,0.4559820542338727,0.5423887403499839,0,0,0,0,0,0,0,0.02730021722310562,0,0
rose_clean_greenhouse_03-1,untreated,rrd_qsep,0,0,0.21874097293280031,0,0.922748787646749,0,0,0,0,0,0.44219053684316473,0,0,0,0,0,0,0,0.5844381263165589,0,0,0,0,0,0,0,0,0,0.6398509356953247,0,2.736220715363148,0,0,0,0,0,0,2.444806754324554,0,1.9575522840556911,0,0,0.23060593231334517,1.3684158793180676,0,0.7625003591904391,0,0,0,0,0,0,0,0,0,0,0,0,0,0,0,1.516699667098999,0,0
rose_clean_greenhouse_03-2,untreated,rrd_qsep,0,0,0,0,0,0,0,0,0,0,0,0,0,0,0,0.12261114792612308,0.03827498323967954,0,0.3503394470045432,0.06438396244610929,0,0,0.03271597192465324,0.04153197087252111,0,0,0,0,0,0.04439196375624128,0.6822104192264195,0,0,0,0.03279197628567818,0,0,0.03396564850926636,0,2.629580876979627,0,0,0.1909446646125973,0.016732700273924,0,0.015601626720685,0,0,0,0,0,0,0,0,0,0,0,0,0,0,0,0,0,0
rose_clean_greenhouse_04-1,untreated,rrd_qsep,0,0,0,0,0.4570302005497755,0,0,0,0,0,0.285828550169326,0,0,0,0,0,0,0,0.7219409361099488,0.12251206637023504,0,0,0,0,0,0,0,0,0,0,0.6797767478377856,0.13241479358804417,0,0,0,0,0,0.5507963305218186,0,2.524396813994484,0,0,0.12224182209400064,0.19404297966321393,0,0.28515531770407837,0,0,0,0,0,0,0.30406139441556956,0.2290466589637466,0,0,0,0,0,0,0,1.0120327035754122,0,0
rose_clean_greenhouse_04-2,untreated,rrd_qsep,0.04948546334243381,0,0,0.12234569149322018,0.7281776641706964,0,0,0,0,0,0.06452946006105238,0,0,0,0,0.14259090256469595,0.03618069889934291,0,1.4479874004118929,0.28911030094941154,0,0,0.08165805113293138,0.19149962052784336,0,0.3655020994121348,0,0,0.14207475632349212,0.06957516310222256,0.7804377614888446,0.3384786699550387,0,0,0.12415923652351896,0,0,1.0792319063465443,0,5.321188423417072,0.06562004352479454,0,0.0909241930673629,0.23810942216756675,0,1.1755622825376235,0.22251397956832525,0,0,0,0,0,0.3569547227553549,0.4977522568326221,0,0,0,0,0,0,0,0,0,0
rose_clean_greenhouse_05-1,untreated,rrd_qsep,0.16454072755809096,0,0,0.1219234199892568,1.187003252500694,0,0,0,0,0,0.22546390629649005,0,0,0,0.128428457702262,0,0,0,2.4779901341956285,0.3598525196967915,0,0,0.10642555699796344,0.3013312385492019,0,0.5784156644927233,0,0,0.2287520511568056,0,1.1916368951742162,0.3305586882641301,0,0,0.1820729115281525,0,0,0.226711195989284,0,5.0384245096201985,0,0,0,1.3048740550405895,0,1.6268655952337685,0.43302143867185977,0,0,0,0,0,0.8017712046909974,0.6240120578415079,0,0,0,0,0,0,0,1.0782860991391217,0,0
rose_clean_greenhouse_05-2,untreated,rrd_qsep,0,0,0,0.05497475871113682,0.26379071709601565,0,0,0,0,0,0,0,0,0,0,0.19341497921366785,0,0,0.8924357776595215,0.1167340940006224,0,0,0.08162615340667868,0.08233946694202234,0,0.1993716454920291,0,0,0.0682280030246165,0,0.6578104342071445,0.13556291013268834,0,0,0.06229482486505443,0,0,0.37547251737436105,0,2.7697182851184303,0,0,0.03869414894302784,0.2775472330938807,0,0.5899547263187349,0.09620808050485367,0,0,0,0,0,0.48141500247589225,0.486151113359812,0,0,0,0,0,0,0,0,0,0
rose_clean_greenhouse_06-1,untreated,rrd_qsep,0,0,0,0,0.4520708916030967,0,0,0,0,0,0.2686207483485695,0,0,0,0,0,0,0,1.5881934564909257,0.21480381265402315,0,0,0,0,0,0,0,0,0.06614708219019226,0,0.7857993058840245,0.20206631799378397,0,0,0,0,0,0.871789847049024,0,4.397860677281484,0,0,0,0.30035315642468463,0,0.4327942777316488,0,0,0,0,0,0,0.7674671039675481,0.6982362022505318,0,0,0,0,0,0,0,1.1671651196788162,0,0
rose_clean_greenhouse_06-2,untreated,rrd_qsep,0.6037938390517674,0.5978130822149206,0,1.760651658757642,2.700129746226816,1.1935634336236998,0.02446690519712734,0.09579765475966406,0,0,0.22232284344788417,0,0,0.08197031005641683,0.8538930853423857,0,0.08880908283413624,0,4.948181328750789,0.9494298456606346,0,0,0.30429451619646514,0.8597433166170463,0,1.743959971257352,0,0,0,0.19313521552019325,7.962620012058711,1.5905244957266194,0,0,0.3830219285217292,0,0,3.038978312791672,0,18.41986662520568,0.46514180161922314,0,0.23778727371780845,0.7783453584159415,0,13.481423300712112,3.187179939228542,0,0,0.5043474549721173,0,0,2.2486861091241037,2.454689272373194,0,0,0,0,0,0,0,0,0,0
rose_clean_greenhouse_07-1,untreated,rrd_qsep,0.03678130988127816,0,0,0,0.3303819811762577,0,0,0,0,0,0.02649344369862159,0,0,0,0,0.10972787834417325,0,0,0.16094002273910396,0.03815211672606777,0,0,0.0986760673178707,0,0,0,0,0,0.00598138719693035,0.17838994321570986,0.1731222445943067,0.09008643200495464,0,0,0,0,0,0.2456946818078029,0,0.8014593582289271,0,0,0,0.06799934303215932,0,0.07279516268094333,0,0,0,0,0,0,0.12854192986092408,0,0,0,0,0,0,0,0,0,0,0
rose_clean_greenhouse_08-1,untreated,rrd_qsep,0.05058191688668092,0,0.47228955931090866,0,0.6170415681494769,0.09840280535288796,0,0,0,0,0,0,0,0.04903420760492164,0,0.25073652759519455,0,0,0.8547740599495331,0.09651247444899493,0,0,0.08641030067110733,0.06716060849908403,0,0,0,0,0.04096775630359363,1.0385364816799474,0.39349662334099056,0.2485509071462268,0,0,0.08432771003805624,0,0,0.3863355835869388,0,2.324513138920502,0,0,0,0.1399425168855286,0,0.33283944457033643,0,0,0,0,0,0,0.30225513230306555,0,0,0,0,0,0,0,0,0,0,0
rose_clean_greenhouse_08-2,untreated,rrd_qsep,0.03283717587637835,0,0,0.0216604680824494,0.5459588067514102,0,0,0,0,0,0.01685744359049579,0,0,0,0,0.1174896305573182,0.02886028669499837,0,0.9431972649021384,0.11335796062739192,0,0,0.04640333448124034,0.07729223152523755,0,0,0,0,0.08493744525665242,0.1220597612635169,0.5782096429026323,0.1711304433720559,0,0,0.08333005458079216,0,0,0.6791644079120871,0,2.666352422657897,0,0,0.04851108078934444,0.6190706795975004,0,0.717360789839061,0.04679872392513831,0,0,0,0,0,0.05061320433854619,0.21410340874128447,0,0,0,0,0,0,0,0,0,0
rose_clean_greenhouse_08-3,untreated,rrd_qsep,0.03727700674478918,0,0,0,0.1189606996058282,0,0,0,0,0,0,0,0,0,0,0.1249525485145336,0.03770131079670414,0,0.2283944095298154,0.03582321521767186,0,0,0.06570313751304661,0.02332648860530303,0,0,0,0,0.00673138344988016,0,0.2141971106353775,0.0864324238735907,0,0,0,0,0,0.15943697082305322,0,0.9477478331879146,0,0,0,0.05532021868650291,0,0.1726381220941397,0.05241169166680522,0,0,0,0,0,0.26058780324663455,0.05472532148601036,0,0,0,0,0,0,0,0,0,0
rose_clean_greenhouse_09-1,untreated,rrd_qsep,0.18032603027471303,0,0.20627910643208497,0,2.788002827013093,0,0,0,0,0,0.3490238566420298,0,0,0,0,0,0,0,0.23582153815229945,0,0,0,0,0,0,0,0,0,0.3558322559595913,0,2.355041400513802,0,0,0,0,0,0,1.995860481301191,0,0.5980592129145275,0,0,0.29067906377356306,1.243757977756472,0,0.26599206958263805,0.22495223880614,0,0,0,0,0,0.22114722072693505,0,0,0,0,0,0,0,0,1.3394603871026225,0,0
rose_clean_greenhouse_09-2,untreated,rrd_qsep,0,0,0,0,0.104987627359416,0,0,0,0,0,0,0,0,0,0,0.09675137848149376,0,0,0.0915286998055887,0.02115043620803094,0,0,0.04871627004106633,0,0,0,0,0,0,0,0.11432640130844392,0.03848736722846453,0,0,0,0,0,0.16155831362678288,0,0.4917519981509985,0,0,0,0.02927307268282968,0,0.08986815298384286,0.01068141671240894,0,0,0,0,0,0.13225671877046558,0.0801856803540016,0,0,0,0,0,0,0,0,0,0
rose_clean_greenhouse_10-1,untreated,rrd_qsep,0.1349093839226384,0,0,0.06883210212431452,0.25574434333704466,0,0,0,0,0,0.04506552233651459,0,0,0,0,0.16855983084743187,0,0,1.7076493167186917,0.21336917897285593,0,0,0.05024095642113917,0.16336760969231034,0,0,0,0,0.08835039774064449,0,0.9995885087813476,0.5419546511825907,0,0,0.17027580569771636,0,0,0.24700013678577257,0,4.491844816351045,0.03302541257836679,0,0,0.5090802573060337,0,0.8096517037311094,0.14626566763106774,0,0,0,0,0,0.4489098359403756,0.3520977711445421,0,0,0,0,0,0,0,0.03835106056195715,0,0
rose_clean_greenhouse_10-2,untreated,rrd_qsep,0,0,0,0.07649922529999685,0.3905875335045562,0,0,0,0,0,0,0,0,0,0,0.16388656067114069,0.02351128471888717,0,1.0944971041266722,0.1724321459170362,0,0,0.06211375982250452,0.13404294455163251,0,0.1970756323434187,0,0,0,0,0.631038326595993,0.17770118679245347,0,0,0.0667349297698982,0,0,0.15553561840677074,0,3.993202949026226,0.03625933724763102,0,0.02208418264345086,0.10297136405105366,0,0.7122119185923619,0.1405956754033671,0,0,0,0,0,0.31955396710679745,0.3115050135334689,0,0,0,0,0,0,0,0,0,0
rose_clean_greenhouse_10-3,untreated,rrd_qsep,0,0,0,0,0.23330443185093028,0,0,0,0.08862771445830656,0,0,0,0,0,0.02246475619819271,0.1076866249807882,1.9719205101377724,0,0.5267270395829806,0,0,0,0.4280426769178277,0.04677103314779794,0,0.03484121538271426,0,0,0,0,0.2157969655623327,0.08177103272098957,0,0,0.03921828701720091,0,0,0.33674066511931805,0,1.7166904655077744,0,0,0,0.08160884188220219,0,0.12222973350895285,0,0,0,0,0,0,0.1428403583090009,0.09967472909385196,0,0,0,0,0,0,0,0,0,0
rose_clean_greenhouse_11-1,untreated,rrd_qsep,0.08088787589066296,0,0.07276467231076411,0,0.4911309048945749,0.087535353823658,0,0,0,0,0,0,0,0,0,0.1057240489703303,0,0,0.21829602528470415,0.04558546586355738,0,0,0.11880634213614331,0,0,0,0,0,0.02491677935655888,0,1.929675028141264,0,0,0,0,0,0,1.1998758304663342,0,0.8678810603045679,0,0,0.16307306674266803,1.1030823349207128,0,0.597452860862214,0,0,0,0,0,0,0.2050497870416579,0,0,0,0,0,0,0,0,0,0,0
rose_clean_greenhouse_11-2,untreated,rrd_qsep,0.02448770619353853,0,0,0.13741861477062478,0.5473415664927849,0,0,0,0,0,0.03242228258651385,0,0,0,0.02061243403225284,0.13805782769625768,0.02808610539621141,0,1.3464536901359958,0.17523402862194282,0,0,0.07031776935895544,0.13356144660638816,0,0.3343711138462805,0,0,0.2784276836723264,0.08821470854549708,0.7636674119427876,0.18238830746336163,0,0,0.10832900537044308,0,0,0.5492858536111663,0,3.837741097026032,0.02730131772058376,0,0.02717669938884104,0.43047137386337014,0,1.2910452003615325,0.2663768480586147,0,0,0,0,0,0.575092862557835,0.6956027005780375,0,0,0,0,0,0,0,0,0,0
rose_clean_greenhouse_11-3,untreated,rrd_qsep,0.04112543589749781,0,0,0.05151728732816977,0.781719929058363,0,0,0,0,0,0,0,0,0,0,0.2117454682075102,0.03453842738135631,0,1.319571279986385,0.14668602419149526,0,0,0.09589784886001622,0.11301366432749071,0,0.23031247749885853,0,0,0,0.03312984400667876,0.7426695475022443,0.2788924381255639,0,0,0.12010386258669868,0,0,0.6091488351191048,0,3.206583064469271,0.03086694675950238,0,0.05187203805184933,0.3224727791452906,0,0.6670575366325863,0.11824314714881616,0,0,0,0,0,0.4154312893707703,0.43155552633557415,0,0,0,0,0,0,0,0,0,0
rose_clean_greenhouse_12-1,untreated,rrd_qsep,0,0,0.31932856206789917,0,1.5557400933373169,0,0,0,0,0,0,0,0,0.08477525234408587,0,0.4058574673248639,0.22151327880404553,0,0.9749658300158096,0.17005609246233233,0,0,0.12978128612637505,0.123455378808284,0,0,0,0,0.04210521764364615,2.257365267702618,0.8642636399257151,0.22954008163159492,0,0,0.09089812319229414,0,0,0.37741386464253446,0,4.451539162852412,0,0,0,0.1679857934664899,0,0.47673427313512,0.04074642285553993,0,0,0,0,0,0,0,0,0,0,0,0,0,0,0,0,0
rose_clean_greenhouse_12-2,untreated,rrd_qsep,0.05095628278143844,0,0,0,0.414466668727487,0,0,0,0,0,0,0,0,0,0.03245181958069174,0.4505909343570138,0.03810488389468339,0,0.36743514167133245,0.08311088094418381,0,0,0.1524222544656231,0.03828188573765685,0,0,0,0,0,0,0.4171262481998195,0.1680898067254776,0,0,0.0727053882354809,0,0,0.4189447007035064,0,1.2694004405376391,0,0,0.1264879032931268,0.10783114121664776,0,0.08394339630326024,0,0,0,0,0,0,0.0975916741576095,0.07367960678996188,0,0,0,0,0,0,0,0,0,0
rose_clean_greenhouse_12-3,untreated,rrd_qsep,0.04046346282206314,0,0,0.13666757987623954,0.7619681181672268,0.06092218997571124,0.03343958631516691,0,0,0,0.02153653423601174,0,0,0,0,0.21729609664483063,0,0,1.4814948964871164,0.2534050992943311,0,0,0.1019492374286292,0.2133125308647746,0,0.2378586401768217,0,0,0.10234851326182716,0.06414755177865279,1.054502968375929,0.31782616163205474,0,0,0.09742743897255685,0,0,0.9287994146152856,0,5.002240396530521,0.04753014619037301,0,0.13412088689380786,0.21161433076654723,0,1.3283566525283987,0.2740112905889619,0,0,0,0,0,0.2615400232101541,0.32673666118499717,0,0,0,0,0,0,0,0,0,0
rose_clean_greenhouse_13-1,untreated,rrd_qsep,0,0,0,0,0,0,0,0,0,0,0.2843181847486645,0,0,0,0,0,0,0,0.10868668828252828,0,0,0,0,0,0,0,0,0,0.04458100109015933,0,1.64341176338763,0,0,0,0,0,0,0.6903214528100174,0,0.42409422033293354,0,0,0,0.2667749046664637,0,0.2698541697209592,0,0,0,0,0,0,0,0,0,0,0,0,0,0,0,1.0045915029099148,0,0
rose_clean_greenhouse_13-2,untreated,rrd_qsep,0,0,0,0.04043320385636401,0.3518584765929146,0,0,0,0.11802774652223152,0,0.02634816624293723,0,0,0,0,0.10525489429249,0.0330227211435336,0,0.8264676968472842,0,0,0,0.05474213402944641,0.09021683807732224,0,0.16452488009733787,0,0,0,0,0.22316361075769053,0.12587373219507583,0,0,0.04614409043127854,0,0,0.14946831823568318,0,2.9724486639661944,0,0,0.03155064320117538,0.04842887341606939,0,0.2960862650696882,0.06817207255944767,0,0,0,0,0,0.744246035988584,0.58088775823586,0,0,0,0,0,0,0,0,0,0
rose_clean_greenhouse_13-3,untreated,rrd_qsep,0.05020892676716641,0,0,0.13236761630498625,0.5008585592465753,0,0,0,0,0,0,0,0,0,0.2138595450127816,0,0.03492076641091895,0,1.7186305341016808,0.2439576340239223,0,0,0.1044088422769206,0.1920071850038653,0,0.3592187344586368,0,0,0,0.08758579300870771,0.7632392868554679,0.31699329997194675,0,0,0.10478561105021514,0,0,0.6425500454773717,0,5.509676352791785,0.06173011207282565,0,0.1700850624906243,0.20619887979859397,0,1.4600065656095222,0.2496068686125382,0,0,0,0,0,0.5000342376929153,0.5593701889032623,0,0,0,0,0,0,0,0,0,0
rose_clean_greenhouse_14-1,untreated,rrd_qsep,0.125072018478452,0,0,0,0.6949733346333018,0,0,0,0,0,0.2909598341558372,0,0,0,0,0.1318067989340995,0,0,0.12514015523990263,0,0,0,0,0,0,0,0,0,0.13562785362492272,0,1.0547043226744728,0,0,0,0,0,0,1.4771427518877105,0,0.4419670278052627,0,0,0,0.17243430948224936,0,0.14529992644532547,0,0,0,0,0,0,0.20007512700402105,0,0,0,0,0,0,0,0,1.044393422315888,0,0
rose_clean_greenhouse_14-2,untreated,rrd_qsep,0.02552760169979346,0,0,0.02736432108458241,0.4001959278965015,0,0.02893238323926973,0,0,0,0.01764342929416815,0,0,0,0,0.07939576780144372,0.01754409103083885,0,0.969926236698638,0.13415664438613106,0,0,0.03986447628407011,0.10381453260727729,0,0.18104434804477632,0,0,0,0,0.2833855789571431,0.13766621081193164,0,0,0.06959515992643796,0,0,0.9326599407677592,0,2.814501262220557,0.02300634670476929,0,0.06355048590604613,0.12476792633709792,0,0.29650183320473045,0.0283146876612115,0,0,0,0,0,0.2531951007766475,0.28671266597092393,0,0,0,0,0,0,0,0,0,0
rose_clean_greenhouse_14-3,untreated,rrd_qsep,0,0,0,0,0.07412519679068275,0,0,0,0,0,0,0,0,0,0,0.12471892190106292,0.45078821732834207,0,0.05651184869178658,0,0,0,0.1241092985956673,0,0,0,0,0,0,0,0.0646592381782441,0,0,0,0,0,0,0.16277646948364607,0,0.21623218589201357,0,0,0,0,0,0,0,0,0,0,0,0,0,0,0,0,0,0,0,0,0,0,0,0
rose_clean_greenhouse_15-1,untreated,rrd_qsep,0.11043853560446824,0,0,0.6461420417121703,1.6028837213141178,0,0,0,0,0,0.2775083336884532,0,0,0,0,0.27284592964756615,0,0,4.715319236059229,0.9389947176873856,0,0,0.21587389440308455,0.728954709176678,0,1.418684153936376,0,0,0.3712494642624859,0,4.524255808806121,0.6138718619185997,0,0,0.359059619899183,0,0,2.2057310104929173,0,8.35599430846179,0.30945482931017887,0,0.15075882863882412,1.9993134647233417,0,4.570122128630335,1.2113588290388166,0,0,0,0,0,1.0561357125008142,1.506190631735172,0,0,0,0,0,0,0,1.1571272594906106,0,0
rose_clean_greenhouse_15-2,untreated,rrd_qsep,0,0,0,0.09003256445774142,1.2466880450689148,0.06692013968661079,0,0,0.1225360285310274,0,0,0,0,0,0,0.16243101349815767,0.02697838640858508,0,0.9150108546887116,0,0,0,0.07753562286939598,0.09364810642597704,0,0.18284443094507968,0,0,0,0.04798017646838236,1.0183357005966116,0.22274408543775567,0,0,0.06221735939856262,0,0,1.4839210324803906,0,3.0979482571887886,0.03677583197810084,0,0.0535122326294282,0.1620861074864529,0,0.9818669679900502,0.16985209147011987,0,0,0,0,0,0.7413441548408525,0.5587852178270338,0,0,0,0,0,0,0,0,0,0
rose_clean_greenhouse_16-1,untreated,rrd_qsep,0,0,0,0,0.16599913241963757,0,0,0,0,0,0.184482943577521,0,0,0,0,0.09531815687951892,0,0,0.2767406518374908,0,0,0,0,0,0,0,0,0,0,0,0.3722332067226331,0.09333751499283774,0,0,0,0,0,0.19153054788537263,0,1.180214942572,0,0,0,0,0,0.46786068271219544,0.13843126523025978,0,0,0,0,0,0.34179285524949,0.2484958590569789,0,0,0,0,0,0,0,0.6070262553854174,0,0
rose_clean_greenhouse_16-2,untreated,rrd_qsep,0.05820267809131017,0,0,0,0.572980618799029,0,0,0,0.0509976964248653,0,0,0,0,0,0.05687742873343023,0.16581716651313452,0.04501086306370157,0,0.34689108249941486,0,0,0,0.05468039823905609,0.03430101518005063,0,0,0,0,0,0.01954067671981866,0.45502645821829973,0.13866654712646012,0,0,0,0,0,1.5231840169807302,0,1.250118842957688,0,0,0.07645646276519574,0.28984617958384534,0,0.12496196799152907,0,0,0,0,0,0,0.1597970143352293,0,0,0,0,0,0,0,0,0,0,0
rose_clean_greenhouse_16-3,untreated,rrd_qsep,0.1013732477289632,0,0,0,2.0532703303613,0.24516689322244112,0,0.04515125932292657,0.03344822514505414,0,0.050775958373174133,0,0,0,0.05729581115040379,0.14471120909663282,1.1285473859085131,0,0.3349520327179549,0,0,0,0.27707180059287123,0,0,0,0,0,0.6484303698603728,0.02165376120969486,1.53897534666781,0,0,0,0.03526172308275333,0,0,3.1091106117860057,0,0.6030267909256722,0,0,0.1358440645372987,1.7050597048811096,0,0.41428816759088966,0.10026680432903734,0,0,0.09422202099075674,0,0,0.08094433503550147,0,0,0,0,0,0,0,0,0,0,0
rose_clean_greenhouse_17-1,untreated,rrd_qsep,0,0,0.2584775557165589,0,0.3252989962812029,0,0,0,0,0,0.29474498437597196,0,0,0,0,0,0,0,0.29657344964112714,0,0,0,0.1596871028589475,0,0,0,0,0,0.21145410495892492,0,0.8263767970489303,0.1763939819350193,0,0,0,0,0,0.8164396353940174,0,1.2664982808465897,0,0,0.1852382180214606,0.36270715170331386,0,0.3164144826152678,0,0,0,0,0,0,0,0,0,0,0,0,0,0,0,1.2472265780636431,0,0
rose_clean_greenhouse_17-2,untreated,rrd_qsep,0.06668170269023019,0,0,0.0306836162170477,0.33779354462538547,0,0,0,0.10071799225410231,0,0,0,0,0,0.08242216938957202,0.17866365003523044,0.03028552854884991,0,0.5832109557566166,0,0,0,0.07073156807732744,0.06284001497644613,0,0,0,0,0,0.05482463245558886,0.5326212940143998,0.27029870076602985,0,0,0.03574551612320605,0,0,0.3000486189803867,0,1.8945493447684392,0,0,0.03395203988888581,0.24838826694770436,0,0.32755771584693527,0.06009688908761015,0,0,0,0,0,0.21545665599683148,0.1626374423486267,0,0,0,0,0,0,0,0,0,0
rose_clean_greenhouse_18-1,untreated,rrd_qsep,0,0,0,0.44046874486977344,1.7554277757159935,0,0,0,0,0,0.29030284460346795,0,0,0,0,0.23997601917559833,0,0,5.164845693180071,0.6579359926146393,0,0,0.206014769043852,0.5289580117994581,0,1.2438035488862238,0,0,0.35397666908616904,0,3.0891698101006404,0.6416966943380092,0,0,0.27575994760326306,0,0,3.413532056181131,0,14.154829428543142,0,0,0.07828234868793087,0.9573489567483168,0,3.1384553821272494,0.5533905361503164,0,0,0,0,0,1.9671341993912916,1.978757769244311,0,0,0,0,0,0,0,0.9491145528833588,0,0
rose_clean_greenhouse_18-2,untreated,rrd_qsep,0.05034399956391085,0,0,0.03917090111071703,0.5471105294819092,0,0,0,0,0,0,0,0,0,0.00807094291410226,0.1451352057015933,0.02633335983386962,0,0.669175579100461,0.09118961376132532,0,0,0.05958740535678255,0.0600799045516537,0,0,0,0,0,0,0.7005561830812953,0.21113137927925824,0,0,0.06432649982362644,0,0,1.1208517898573174,0,2.083625768994502,0,0,0.04608984600841136,0.09396325746319328,0,0.33364421205697636,0.03216714313321633,0,0,0,0,0,0.19317651995854268,0.12478468714581002,0,0,0,0,0,0,0,0,0,0
rose_clean_greenhouse_18-3,untreated,rrd_qsep,0,0,0,0,0.3742977597170535,0,0,0,0.1075807405077441,0,0,0,0,0,0.02604586356200909,0.12174456840562883,1.4713963738094178,0,0.8034845908697562,0,0,0,0.33492165085782144,0.06586088018307211,0,0.03391737675179169,0,0,0,0,0.7863906418954819,0.09871333847951924,0,0,0.06019070084869201,0,0,2.339615164547498,0,2.5104588179322698,0,0,0.0680533799145978,0.3685778161539367,0,0.179891690799249,0,0,0,0,0,0,0.18011965670829477,0.1326334933797738,0,0,0,0,0,0,0,0,0,0
rose_clean_greenhouse_19-1,untreated,rrd_qsep,0.12331159208735044,0,0,0.02828816403819542,1.79991494942034,0,0.03040422611334163,0,0,0,0.04606838136496158,0,0,0,0,0.27029079594328115,0,0,1.1173873449408194,0.2410951698080578,0,0,0,0.11209333978785949,0,0,0,0,0.2930143156435602,1.4983530190700045,1.1762986931103936,0.5989468267813116,0,0,0.14489530795157268,0,0,2.0142443911209083,0,3.125966062445814,0.03088794241722971,0,0.04665906925426759,0.4832877085723709,0,0.4659295952246253,0.15178335098867984,0,0,0,0,0,0.3354329652097842,0.24083174990492423,0,0,0,0,0,0,0,0.02669137445985131,0,0
rose_clean_greenhouse_19-2,untreated,rrd_qsep,0.0527084833009725,0,0,0,0.6540228157510811,0,0.00840651106144094,0,0.04253116461859041,0,0.02315355087213169,0,0,0,0.06425763918701399,0.12445964162688028,0.01578905132028448,0,0.31970353785013317,0,0,0,0.03770275965805515,0.02712174104712298,0,0,0,0,0,0,0.6703089154417918,0.164227629312923,0,0,0,0,0,0.7216719717836236,0,0.9261081536127486,0,0,0.03948688438542917,0.4311077222790597,0,0.15737254120485802,0,0,0,0,0,0,0.10328922809180756,0.13493229211816937,0,0,0,0,0,0,0,0,0,0
rose_clean_greenhouse_19-3,untreated,rrd_qsep,0.04559983403632808,0,0,0,0.5195628648662753,0,0,0,0,0,0,0,0,0,0,0.16087850820187316,1.5936818930264394,0,0.12200405642245052,0,0,0,0.4313120974685401,0,0,0,0,0,0,0,0.28358495286998947,0.07119417072650856,0,0,0,0,0,1.4575874035143803,0,0.18540516713511543,0,0,0.03831819981050548,0.1997622926215658,0,0.05887537030547132,0,0,0,0,0,0,0.10129766480122404,0.0348050611850088,0,0,0,0,0,0,0,0,0,0
rose_clean_greenhouse_20-1,untreated,rrd_qsep,0.07665692123092929,0,0,0.05997342907221013,1.1345726065431068,0,0,0,0,0,0,0,0,0.04592554218719805,0,0.31901072778426415,0,0,1.8512976581812564,0.27109783036566565,0,0,0.1379570991927863,0.2641166510765815,0,0.17989691100239474,0,0,0.1665738116764785,1.523882460400389,2.999472920769816,0.43757900956408546,0,0,0.1402370954928672,0,0,0,0,5.275075945938889,0,0,0.3023058313913799,2.1506807122636147,0,1.469646972227482,0.07574108669858186,0,0,0,0,0,0.3847043124909352,0.459277100155943,0,0,0,0,0,0,0,0,0,0
rose_clean_greenhouse_20-2,untreated,rrd_qsep,0,0,0,0.01859768068556216,0.0819387087574941,0,0,0,0,0,0,0,0,0,0,0.1159110947528804,0.04333505412924027,0,0.6750328687490128,0.085464596094539,0,0,0.05820390189686016,0.04894383153677673,0,0.07438602426480691,0,0,0,0,0.3621699672191392,0.16545600111481626,0,0,0.05131251763570536,0,0,0.17553930436247153,0,1.9360837498532153,0,0,0.02568089558087741,0.09825184072076493,0,0.1519347553134384,0.02790863886358679,0,0,0,0,0,0.35280678586067254,0.22599833460578397,0,0,0,0,0,0,0,0,0,0
rose_clean_greenhouse_20-3,untreated,rrd_qsep,0,0,0,0,0.1598314104554967,0,0,0,0.05932791113758473,0,0,0,0,0,0,0.10269592606683824,1.6011732009710773,0,0.4176938332142306,0,0,0,0.3807309956706811,0.02800815552500122,0,0.05394953599285071,0,0,0,0,0.6556535946837998,0.06113825954193815,0,0,0.03578639795791288,0,0,0.5843993762390132,0,1.3498051424722048,0,0,0.03833915442080827,0.25195941504593805,0,0.09810002155199556,0,0,0,0,0,0,0.09932046730448132,0.03514249776344155,0,0,0,0,0,0,0,0,0,0
rose_clean_test_greenhouse_01,untreated,rrd_qsep,0,0.21177837944483421,0,0.04428009048001222,1.835527568903478,0.5603513734986937,0,0,0.16653346472393982,0,0,0,0,0,0.24850003144394553,0,0,0,1.5758776991897745,0,0,0,0,0.13746059666330995,0,0.06905074321990395,0,0,0,0,0.49079927572583104,0.33616728929318374,0,0,0.08354827226418175,0,0,0.48205468533558865,0,4.120921856867391,0,0,0.06368236153778027,0.23386604316410176,0,0.6307098957444788,0.03884844425035635,0,0,0,0,0,0.585663661011487,0.4947980745322861,0,0,0,0,0,0,0,0,0,0
rose_clean_test_greenhouse_02,untreated,rrd_qsep,0,0,0,0,0.5837966137436341,0.05538259520908138,0,0,0.02842991506527585,0,0,0,0,0,0,0.16355731187952963,0,0,0.08817689548867949,0,0,0,0,0,0,0,0,0,0,0,0,0,0,0,0,0,0,1.9145601396249263,0,0.3521872046625969,0,0,0,0,0,0,0,0,0,0,0,0,0.08614721638193075,0.11529747716942489,0,0,0,0,0,0,0,0,0,0
rose_clean_test_greenhouse_03,untreated,rrd_qsep,0,0,0,0,0.9856771226678924,0,0,0,0.0873943871301916,0,0,0,0,0,0,0.14600616050584447,0,0,0.5637425005307966,0,0,0,0,0,0,0,0,0,0,0,0.14855652716020062,0,0,0,0.06090058665031993,0,0,0,0,1.1666732206390296,0,0,0,0.18294653738511468,0,0.25666326322383326,0,0,0,0,0,0,0.713107741080172,0.4717547310490604,0,0,0,0,0,0.10523297817044526,0,0,0,0
rose_rrv_greenhouse_01,rrv,rrd_qsep,0,0,0,0,0.03295660210652527,0,0,0,0.18112076596546495,0,0,0,0,0,0.23335342309591176,0,0,0,0.5523136719176187,0,0,0,0,0.20207818205041372,0,0.01747659641006411,0,0,0,0,0,0.2726041781750068,0,0,0.07124740081780086,0,0,0.01349683040263725,0,1.7779524759831853,0,0,0,0,0,0.0345795165768601,0,0,0,0,0,0,0.08004179192012185,0.06492235884855123,0,0,0,0,0,0,0,0,0,0
rose_rrv_greenhouse_02,rrv,rrd_qsep,0,0,0,0,1.0196078001328417,0.3818071000839254,0,0,0.03711849824848674,0,0,0,0,0,0,0.10752417101680908,0,0,0.16044768649513486,0,0,0,0,0.02823122757816101,0,0,0,0,0,0,0.01618215854391037,0,0,0,0,0,0,0.02749877669781579,0,0.6301001360092823,0,0,0,0,0,0.01688095812343536,0,0,0,0.11529023029983532,0,0,0.04459680460932928,0.05278252361395387,0,0,0,0,0,0,0,0,0,0
rose_rrv_greenhouse_03,rrv,rrd_qsep,0,0,0.03916852527472191,0.12125420445134091,0.4949147287832178,0,0.1520139094676887,0,0,0,0,0,0,0,0.01023947504689132,0.211175266918876,0,0,1.640487059710115,0.17086211996479042,0,0,0,0.15430337798969773,0,0.928169952647928,0,0,0,0,0.7116152919730497,0.3268166291065949,0,0,0.1483461640995483,0,0,0.16702164055394195,0,2.6104305743178293,0.04533188802573705,0,0,0.05671447275075295,0,1.122593941634917,0.0810680702273714,0,0,0,0,0,1.2133454774551802,0.866922415045609,0,0,0,0,0,0.10286471623460834,0,0,0,0
rose_rrv_greenhouse_04,rrv,rrd_qsep,0.10776977286564016,0,0.07997737819560637,0,0.355513534446112,0,0.17434883862591197,0,0,0,0,0,0,0,0.01180332532494795,0.1320216589703082,0,0,0.6434015586579823,0,0,0,0,0,0,1.996248662939854,0,0,0,0,0,0,0,0,0,0,0,0,0,0.04557461390979837,0.10624870997178916,0,0,0.05481020523344079,0,0.7772262193521126,0,0,0,0,0,0,0.5481361501294167,0.37179424625586954,0,0,0,0,0,0.1428113149355667,0,0,0,0
