sample_no,id,date,month,other_mites,eriophyoids,mites/g,erios/gram,p_fructiphilus,rose_spp,symptoms,rrv,city,state,county,grams_dry_weight,collector,shade,notes,SourceFile,DateTimeOriginal,lat,lon,lon_lat
295,Pheno 1,2020-03-31T00:00:00Z,March,0,0,0,0,NA,KO,No,NA,Tallahassee,FL,Leon,18.601,Austin Fife,open sun,NA,./1-2020-03-31-09-55-02.jpg,2020:03:31 09:55:02,-84.3074438888889,30.4451988888889,30.4451988888889 -84.3074438888889
296,Pheno 2,2020-03-31T00:00:00Z,March,6,4,1.2023566189731874,0.48094264758927496,NA,KO,No,NA,Tallahassee,FL,Leon,8.317,Austin Fife,open sun,NA,./2-2020-03-31-09-55-29.jpg,2020:03:31 09:55:29,-84.3074269444444,30.4451858333333,30.4451858333333 -84.3074269444444
297,Pheno 3,2020-03-31T00:00:00Z,March,2,15,2.593044539353264,2.287980475899939,NA,KO,No,NA,Tallahassee,FL,Leon,6.556,Austin Fife,open sun,NA,./3-2020-03-31-09-55-38.jpg,2020:03:31 09:55:38,-84.3074138888889,30.4451847222222,30.4451847222222 -84.3074138888889
298,Pheno 4,2020-03-31T00:00:00Z,March,1,22,2.263690405889532,2.165269083894335,NA,KO,No,NA,Tallahassee,FL,Leon,10.1604,Austin Fife,open sun,NA,./4-2020-03-31-09-55-48.jpg,2020:03:31 09:55:48,-84.3074027777778,30.4451877777778,30.4451877777778 -84.3074027777778
299,Pheno 5,2020-03-31T00:00:00Z,March,2,31,2.148255681485291,2.0180583674558794,NA,KO,No,NA,Tallahassee,FL,Leon,15.3613,Austin Fife,open sun,NA,./5-2020-03-31-09-56-01.jpg,2020:03:31 09:56:01,-84.3073897222222,30.4451847222222,30.4451847222222 -84.3073897222222
300,Pheno 6,2020-03-31T00:00:00Z,March,0,0,0,0,NA,KO,No,NA,Tallahassee,FL,Leon,6.843,Austin Fife,open sun,NA,./6-2020-03-31-09-56-24.jpg,2020:03:31 09:56:24,-84.3073608333333,30.4451938888889,30.4451938888889 -84.3073608333333
301,Pheno 7,2020-03-31T00:00:00Z,March,0,0,0,0,NA,KO,No,NA,Tallahassee,FL,Leon,6.992,Austin Fife,open sun,NA,./7-2020-03-31-09-56-35.jpg,2020:03:31 09:56:35,-84.3073538888889,30.4451958333333,30.4451958333333 -84.3073538888889
302,Pheno 8,2020-03-31T00:00:00Z,March,0,8,0.6282393591958536,0.6282393591958536,NA,KO,No,NA,Tallahassee,FL,Leon,12.734,Austin Fife,open sun,NA,./8-2020-03-31-09-56-45.jpg,2020:03:31 09:56:45,-84.3073408333333,30.4451958333333,30.4451958333333 -84.3073408333333
303,Pheno 9,2020-03-31T00:00:00Z,March,8,17,1.1327594019030358,0.7702763932940643,NA,KO,No,NA,Tallahassee,FL,Leon,22.07,Austin Fife,open sun,NA,./9-2020-03-31-09-56-54.jpg,2020:03:31 09:56:54,-84.3073338888889,30.4451919444444,30.4451919444444 -84.3073338888889
304,Pheno 10,2020-03-31T00:00:00Z,March,0,0,0,0,NA,KO,No,NA,Tallahassee,FL,Leon,11.164,Austin Fife,open sun,NA,./10-2020-03-31-09-57-07.jpg,2020:03:31 09:57:07,-84.3073258333333,30.4451908333333,30.4451908333333 -84.3073258333333
305,Pheno 11,2020-03-31T00:00:00Z,March,0,15,16.132501613250163,16.132501613250163,NA,KO,No,NA,Tallahassee,FL,Leon,0.9298,Austin Fife,open sun,NA,./11-2020-03-31-10-26-05.jpg,2020:03:31 10:26:05,-84.3069608333333,30.4449919444444,30.4449919444444 -84.3069608333333
306,Pheno 12,2020-03-31T00:00:00Z,March,0,0,0,0,NA,KO,No,NA,Tallahassee,FL,Leon,14.4502,Austin Fife,open sun,NA,./12-2020-03-31-10-26-21.jpg,2020:03:31 10:26:21,-84.3070058333333,30.44499,30.44499 -84.3070058333333
307,Pheno 13,2020-03-31T00:00:00Z,March,0,0,0,0,NA,KO,No,NA,Tallahassee,FL,Leon,6.3951,Austin Fife,open sun,NA,./13-2020-03-31-10-26-35.jpg,2020:03:31 10:26:35,-84.3068969444444,30.4449738888889,30.4449738888889 -84.3068969444444
308,Pheno 14,2020-03-31T00:00:00Z,March,0,0,0,0,NA,KO,No,NA,Tallahassee,FL,Leon,16.267,Austin Fife,open sun,NA,./14-2020-03-31-10-26-52.jpg,2020:03:31 10:26:52,-84.3068938888889,30.44497,30.44497 -84.3068938888889
309,Pheno 15,2020-03-31T00:00:00Z,March,0,0,0,0,NA,KO,No,NA,Tallahassee,FL,Leon,10.2334,Austin Fife,open sun,NA,./15-2020-03-31-10-41-56.jpg,2020:03:31 10:41:56,-84.3072008333333,30.4447538888889,30.4447538888889 -84.3072008333333
310,Pheno 16,2020-03-31T00:00:00Z,March,2,39,3.2403382597012564,3.0822729787402197,NA,KO,No,NA,Tallahassee,FL,Leon,12.653,Austin Fife,open sun,NA,./16-2020-03-31-10-42-25.jpg,2020:03:31 10:42:25,-84.3071988888889,30.444735,30.444735 -84.3071988888889
311,Pheno 17,2020-03-31T00:00:00Z,March,0,0,0,0,NA,KO,No,NA,Tallahassee,FL,Leon,7.168,Austin Fife,open sun,NA,./17-2020-03-31-10-42-35.jpg,2020:03:31 10:42:35,-84.3071927777778,30.4447288888889,30.4447288888889 -84.3071927777778
312,Pheno 18,2020-03-31T00:00:00Z,March,0,0,0,0,NA,KO,No,NA,Tallahassee,FL,Leon,11.383,Austin Fife,open sun,NA,./18-2020-03-31-10-42-48.jpg,2020:03:31 10:42:48,-84.3071838888889,30.4447147222222,30.4447147222222 -84.3071838888889
313,Pheno 19,2020-03-31T00:00:00Z,March,0,0,0,0,NA,KO,No,NA,Tallahassee,FL,Leon,10.2334,Austin Fife,open sun,NA,./19-2020-03-31-10-42-58.jpg,2020:03:31 10:42:58,-84.3071869444444,30.4447119444444,30.4447119444444 -84.3071869444444
314,Pheno 20,2020-03-31T00:00:00Z,March,0,0,0,0,NA,KO,No,NA,Tallahassee,FL,Leon,4.973,Austin Fife,open sun,NA,./20-2020-03-31-10-43-09.jpg,2020:03:31 10:43:09,-84.3071919444444,30.4447127777778,30.4447127777778 -84.3071919444444
315,Pheno 21,2020-03-31T00:00:00Z,March,5,15,2.973845032935334,2.2303837747015005,NA,KO,No,NA,Tallahassee,FL,Leon,6.7253,Austin Fife,open sun,NA,./21-2020-03-31-10-43-19.jpg,2020:03:31 10:43:19,-84.3072069444444,30.4447119444444,30.4447119444444 -84.3072069444444
316,Pheno 22,2020-03-31T00:00:00Z,March,0,0,0,0,NA,KO,No,NA,Tallahassee,FL,Leon,7.318,Austin Fife,open sun,NA,./22-2020-03-31-10-43-29.jpg,2020:03:31 10:43:29,-84.3072227777778,30.4447138888889,30.4447138888889 -84.3072227777778
317,Pheno 23,2020-03-31T00:00:00Z,March,0,0,0,0,NA,KO,No,NA,Tallahassee,FL,Leon,5.0136,Austin Fife,open sun,NA,./23-2020-03-31-10-43-38.jpg,2020:03:31 10:43:38,-84.3072227777778,30.4447138888889,30.4447138888889 -84.3072227777778
318,Pheno 24,2020-03-31T00:00:00Z,March,0,0,0,0,NA,KO,No,NA,Tallahassee,FL,Leon,14.417,Austin Fife,open sun,NA,./24-2020-03-31-10-43-48.jpg,2020:03:31 10:43:48,-84.3072288888889,30.4447127777778,30.4447127777778 -84.3072288888889
320,Pheno 1,2020-04-30T00:00:00Z,April,0,0,0,0,NA,KO,No,NA,Tallahassee,FL,Leon,11.4842,Austin Fife,open sun,NA,./1-2020-04-30-15-45-07.jpg,2020:04:30 15:45:07,-84.30754,30.4452319444444,30.4452319444444 -84.30754
321,Pheno 2,2020-04-30T00:00:00Z,April,9,6,0.9639297487999076,0.385571899519963,NA,KO,No,NA,Tallahassee,FL,Leon,15.5613,Austin Fife,open sun,NA,./2-2020-04-30-15-47-53.jpg,2020:04:30 15:47:53,-84.3073238888889,30.4451127777778,30.4451127777778 -84.3073238888889
322,Pheno 3,2020-04-30T00:00:00Z,April,20,10,2.253267237494367,0.751089079164789,NA,KO,No,NA,Tallahassee,FL,Leon,13.314,Austin Fife,open sun,NA,./3-2020-04-30-15-48-12.jpg,2020:04:30 15:48:12,-84.3073427777778,30.4451088888889,30.4451088888889 -84.3073427777778
323,Pheno 4,2020-04-30T00:00:00Z,April,5,4,0.5641359943837128,0.25072710861498343,NA,KO,No,NA,Tallahassee,FL,Leon,15.9536,Austin Fife,open sun,NA,./4-2020-04-30-15-48-25.jpg,2020:04:30 15:48:25,-84.3073527777778,30.4451158333333,30.4451158333333 -84.3073527777778
324,Pheno 5,2020-04-30T00:00:00Z,April,13,9,1.3706823505956238,0.560733688880028,NA,KO,No,NA,Tallahassee,FL,Leon,16.0504,Austin Fife,open sun,NA,./5-2020-04-30-15-48-40.jpg,2020:04:30 15:48:40,-84.3073458333333,30.4451208333333,30.4451208333333 -84.3073458333333
325,Pheno 6,2020-04-30T00:00:00Z,April,6,3,0.7886297120625295,0.26287657068750986,NA,KO,No,NA,Tallahassee,FL,Leon,11.4122,Austin Fife,open sun,NA,./6-2020-04-30-15-48-52.jpg,2020:04:30 15:48:52,-84.3073297222222,30.445135,30.445135 -84.3073297222222
326,Pheno 7,2020-04-30T00:00:00Z,April,3,2,0.2894607346513446,0.11578429386053783,NA,KO,No,NA,Tallahassee,FL,Leon,17.2735,Austin Fife,open sun,NA,./7-2020-04-30-15-49-03.jpg,2020:04:30 15:49:03,-84.3073338888889,30.4452119444444,30.4452119444444 -84.3073338888889
327,Pheno 8,2020-04-30T00:00:00Z,April,0,1,0.061496832913104975,0.061496832913104975,NA,KO,No,NA,Tallahassee,FL,Leon,16.261,Austin Fife,open sun,NA,./8-2020-04-30-15-49-14.jpg,2020:04:30 15:49:14,-84.3073208333333,30.445215,30.445215 -84.3073208333333
328,Pheno 9,2020-04-30T00:00:00Z,April,4,4,0.5946673208007196,0.2973336604003598,NA,KO,No,NA,Tallahassee,FL,Leon,13.4529,Austin Fife,open sun,NA,./9-2020-04-30-15-49-26.jpg,2020:04:30 15:49:26,-84.3073119444445,30.4452188888889,30.4452188888889 -84.3073119444445
329,Pheno 10,2020-04-30T00:00:00Z,April,11,10,1.666957722776993,0.793789391798568,NA,KO,No,NA,Tallahassee,FL,Leon,12.5978,Austin Fife,open sun,NA,./10-2020-04-30-15-49-39.jpg,2020:04:30 15:49:39,-84.3072827777778,30.4452097222222,30.4452097222222 -84.3072827777778
330,Pheno 11,2020-04-30T00:00:00Z,April,3,2,0.40039719401646434,0.16015887760658573,NA,KO,No,NA,Tallahassee,FL,Leon,12.4876,Austin Fife,open sun,NA,./11-2020-04-30-16-34-20.jpg,2020:04:30 16:34:20,-84.3070258333333,30.44499,30.44499 -84.3070258333333
331,Pheno 12,2020-04-30T00:00:00Z,April,8,6,0.9048136083966704,0.38777726074143015,NA,KO,No,NA,Tallahassee,FL,Leon,15.4728,Austin Fife,open sun,NA,./12-2020-04-30-16-34-32.jpg,2020:04:30 16:34:32,-84.3070188888889,30.4449908333333,30.4449908333333 -84.3070188888889
332,Pheno 13,2020-04-30T00:00:00Z,April,5,5,0.5848432035371317,0.29242160176856585,NA,KO,No,NA,Tallahassee,FL,Leon,17.0986,Austin Fife,open sun,NA,./13-2020-04-30-16-34-49.jpg,2020:04:30 16:34:49,-84.3069869444444,30.4449769444444,30.4449769444444 -84.3069869444444
333,Pheno 14,2020-04-30T00:00:00Z,April,6,12,1.30844382414515,0.8722958827634334,NA,KO,No,NA,Tallahassee,FL,Leon,13.7568,Austin Fife,open sun,NA,./14-2020-04-30-16-35-07.jpg,2020:04:30 16:35:07,-84.3069808333333,30.4449688888889,30.4449688888889 -84.3069808333333
334,Pheno 15,2020-04-30T00:00:00Z,April,9,6,1.038047916291816,0.4152191665167264,NA,KO,No,NA,Tallahassee,FL,Leon,14.4502,Austin Fife,open sun,NA,./15-2020-04-30-16-54-03.jpg,2020:04:30 16:54:03,-84.3073288888889,30.4446308333333,30.4446308333333 -84.3073288888889
335,Pheno 16,2020-04-30T00:00:00Z,April,0,0,0,0,NA,KO,No,NA,Tallahassee,FL,Leon,15.782,Austin Fife,open sun,NA,./16-2020-04-30-16-53-48.jpg,2020:04:30 16:53:48,-84.3073397222222,30.4446247222222,30.4446247222222 -84.3073397222222
336,Pheno 17,2020-04-30T00:00:00Z,April,6,17,1.2058805024851624,0.8913029800977288,NA,KO,No,NA,Tallahassee,FL,Leon,19.0732,Austin Fife,open sun,NA,./17-2020-04-30-16-53-38.jpg,2020:04:30 16:53:38,-84.3073527777778,30.4446208333333,30.4446208333333 -84.3073527777778
337,Pheno 18,2020-04-30T00:00:00Z,April,15,5,1.122573837294148,0.280643459323537,NA,KO,No,NA,Tallahassee,FL,Leon,17.8162,Austin Fife,open sun,NA,./18-2020-04-30-16-53-28.jpg,2020:04:30 16:53:28,-84.3073608333333,30.4446219444444,30.4446219444444 -84.3073608333333
338,Pheno 19,2020-04-30T00:00:00Z,April,3,5,0.4974072646330999,0.31087954039568744,NA,KO,No,NA,Tallahassee,FL,Leon,16.0834,Austin Fife,open sun,NA,./19-2020-04-30-16-53-19.jpg,2020:04:30 16:53:19,-84.3073658333333,30.44462,30.44462 -84.3073658333333
339,Pheno 20,2020-04-30T00:00:00Z,April,16,11,2.097005941516834,0.8543357539513028,NA,KO,No,NA,Tallahassee,FL,Leon,12.8755,Austin Fife,open sun,NA,./20-2020-04-30-16-53-04.jpg,2020:04:30 16:53:04,-84.307383888888893,30.4446158333333,30.4446158333333 -84.3073838888889
340,Pheno 21,2020-04-30T00:00:00Z,April,11,9,1.4209389564624304,0.6394225304080936,NA,KO,No,NA,Tallahassee,FL,Leon,14.0752,Austin Fife,open sun,NA,./21-2020-04-30-16-52-18.jpg,2020:04:30 16:52:18,-84.3074038888889,30.4446147222222,30.4446147222222 -84.3074038888889
341,Pheno 22,2020-04-30T00:00:00Z,April,6,31,3.7044824237327165,3.1037555442084925,NA,KO,No,NA,Tallahassee,FL,Leon,9.9879,Austin Fife,open sun,NA,./22-2020-04-30-16-52-09.jpg,2020:04:30 16:52:09,-84.30741,30.4446058333333,30.4446058333333 -84.30741
342,Pheno 23,2020-04-30T00:00:00Z,April,25,38,6.861773387210961,4.138847439905025,NA,KO,No,NA,Tallahassee,FL,Leon,9.1813,Austin Fife,open sun,NA,./23-2020-04-30-16-51-59.jpg,2020:04:30 16:51:59,-84.3074169444444,30.4446027777778,30.4446027777778 -84.3074169444444
343,Pheno 24,2020-04-30T00:00:00Z,April,7,8,1.6266686909654822,0.8675566351815905,NA,KO,No,NA,Tallahassee,FL,Leon,9.2213,Austin Fife,open sun,NA,./24-2020-04-30-16-51-47.jpg,2020:04:30 16:51:47,-84.3074297222222,30.4445977777778,30.4445977777778 -84.3074297222222
344,Pheno 1,2020-06-01T00:00:00Z,June,7,3,1.6423057973394646,0.49269173920183934,NA,KO,No,NA,Tallahassee,FL,Leon,6.089,Austin Fife,open sun,NA,./1-2020-06-01-14-36-38.jpg,2020:06:01 14:36:38,-84.3074138888889,30.4450088888889,30.4450088888889 -84.3074138888889
345,Pheno 2,2020-06-01T00:00:00Z,June,11,3,2.4190064794816415,0.5183585313174947,NA,KO,No,NA,Tallahassee,FL,Leon,5.7875,Austin Fife,open sun,NA,./2-2020-06-01-14-36-58.jpg,2020:06:01 14:36:58,-84.3073758333333,30.4450358333333,30.4450358333333 -84.3073758333333
346,Pheno 3,2020-06-01T00:00:00Z,June,7,1,2.0659022828220226,0.2582377853527528,NA,KO,No,NA,Tallahassee,FL,Leon,3.8724,Austin Fife,open sun,NA,./3-2020-06-01-14-37-08.jpg,2020:06:01 14:37:08,-84.3073869444444,30.4450747222222,30.4450747222222 -84.3073869444444
347,Pheno 4,2020-06-01T00:00:00Z,June,0,1,0.4772814051164566,0.4772814051164566,NA,KO,No,NA,Tallahassee,FL,Leon,2.0952,Austin Fife,open sun,NA,./4-2020-06-01-14-37-17.jpg,2020:06:01 14:37:17,-84.3073758333333,30.4450708333333,30.4450708333333 -84.3073758333333
348,Pheno 5,2020-06-01T00:00:00Z,June,4,5,1.2307187397440105,0.6837326331911169,NA,KO,No,NA,Tallahassee,FL,Leon,7.3128,Austin Fife,open sun,NA,./5-2020-06-01-14-37-28.jpg,2020:06:01 14:37:28,-84.3073688888889,30.4450819444444,30.4450819444444 -84.3073688888889
349,Pheno 6,2020-06-01T00:00:00Z,June,7,9,2.3681250370019535,1.332070333313599,NA,KO,No,NA,Tallahassee,FL,Leon,6.7564,Austin Fife,open sun,NA,./6-2020-06-01-14-37-40.jpg,2020:06:01 14:37:40,-84.3073488888889,30.4451258333333,30.4451258333333 -84.3073488888889
350,Pheno 7,2020-06-01T00:00:00Z,June,1,12,3.257410609135784,3.0068405622791854,NA,KO,No,NA,Tallahassee,FL,Leon,3.9909,Austin Fife,open sun,NA,./7-2020-06-01-14-37-50.jpg,2020:06:01 14:37:50,-84.307275,30.4451388888889,30.4451388888889 -84.307275
351,Pheno 8,2020-06-01T00:00:00Z,June,1,12,3.3637798535462,3.1050275571195693,NA,KO,No,NA,Tallahassee,FL,Leon,3.8647,Austin Fife,open sun,NA,./8-2020-06-01-14-38-00.jpg,2020:06:01 14:38:00,-84.3071547222222,30.4451869444444,30.4451869444444 -84.3071547222222
352,Pheno 9,2020-06-01T00:00:00Z,June,2,5,9.957325746799432,7.112375533428166,NA,KO,No,NA,Tallahassee,FL,Leon,0.703,Austin Fife,open sun,NA,./9-2020-06-01-14-38-10.jpg,2020:06:01 14:38:10,-84.3071038888889,30.4451847222222,30.4451847222222 -84.3071038888889
353,Pheno 10,2020-06-01T00:00:00Z,June,5,2,1.8577987738528092,0.5307996496722313,NA,KO,No,NA,Tallahassee,FL,Leon,3.7679,Austin Fife,open sun,NA,./10-2020-06-01-14-38-23.jpg,2020:06:01 14:38:23,-84.3070808333333,30.4451677777778,30.4451677777778 -84.3070808333333
354,Pheno 11,2020-06-01T00:00:00Z,June,2,60,80.16550297388156,77.57951900698215,NA,KO,No,NA,Tallahassee,FL,Leon,0.7734,Austin Fife,open sun,NA,./11-2020-06-01-14-39-11.jpg,2020:06:01 14:39:11,-84.306925,30.4450369444444,30.4450369444444 -84.306925
355,Pheno 12,2020-06-01T00:00:00Z,June,8,94,159.30032797126347,146.8061846009683,NA,KO,No,NA,Tallahassee,FL,Leon,0.6403,Austin Fife,open sun,NA,./12-2020-06-01-14-39-22.jpg,2020:06:01 14:39:22,-84.3068327777778,30.4450288888889,30.4450288888889 -84.3068327777778
356,Pheno 13,2020-06-01T00:00:00Z,June,5,17,159.88372093023256,123.54651162790698,NA,KO,No,NA,Tallahassee,FL,Leon,0.1376,Austin Fife,open sun,NA,./13-2020-06-01-14-40-10.jpg,2020:06:01 14:40:10,-84.3069558333333,30.4449088888889,30.4449088888889 -84.3069558333333
357,Pheno 14,2020-06-01T00:00:00Z,June,0,0,0,0,NA,KO,No,NA,Tallahassee,FL,Leon,1.8757,Austin Fife,open sun,NA,./14-2020-06-01-14-40-24.jpg,2020:06:01 14:40:24,-84.3069658333333,30.4449088888889,30.4449088888889 -84.3069658333333
358,Pheno 15,2020-06-01T00:00:00Z,June,13,62,17.639587939225738,14.582059363093277,NA,KO,No,NA,Tallahassee,FL,Leon,4.2518,Austin Fife,open sun,NA,./15-2020-06-01-14-41-24.jpg,2020:06:01 14:41:24,-84.307105,30.444845,30.444845 -84.307105
359,Pheno 16,2020-06-01T00:00:00Z,June,2,45,12.671195945217297,12.131996117761242,NA,KO,No,NA,Tallahassee,FL,Leon,3.7092,Austin Fife,open sun,NA,./16-2020-06-01-14-41-37.jpg,2020:06:01 14:41:37,-84.3072919444444,30.4446877777778,30.4446877777778 -84.3072919444444
360,Pheno 17,2020-06-01T00:00:00Z,June,4,124,34.27408557810743,33.20302040379157,NA,KO,No,NA,Tallahassee,FL,Leon,3.7346,Austin Fife,open sun,NA,./17-2020-06-01-14-41-48.jpg,2020:06:01 14:41:48,-84.3072869444444,30.4446858333333,30.4446858333333 -84.3072869444444
361,Pheno 18,2020-06-01T00:00:00Z,June,8,52,17.927572606669056,15.537229592446517,NA,KO,No,NA,Tallahassee,FL,Leon,3.3468,Austin Fife,open sun,NA,./18-2020-06-01-14-41-58.jpg,2020:06:01 14:41:58,-84.3072788888889,30.4446788888889,30.4446788888889 -84.3072788888889
362,Pheno 19,2020-06-01T00:00:00Z,June,3,163,83.2163625426108,81.71245237617806,NA,KO,No,NA,Tallahassee,FL,Leon,1.9948,Austin Fife,open sun,NA,./19-2020-06-01-14-42-09.jpg,2020:06:01 14:42:09,-84.3072788888889,30.444675,30.444675 -84.3072788888889
363,Pheno 20,2020-06-01T00:00:00Z,June,4,57,13.239571124712418,12.371402526370622,NA,KO,No,NA,Tallahassee,FL,Leon,4.6074,Austin Fife,open sun,NA,./20-2020-06-01-14-42-21.jpg,2020:06:01 14:42:21,-84.3072769444444,30.4446688888889,30.4446688888889 -84.3072769444444
364,Pheno 21,2020-06-01T00:00:00Z,June,1,105,64.04911237598037,63.44487546677301,NA,KO,No,NA,Tallahassee,FL,Leon,1.65498,Austin Fife,open sun,NA,./21-2020-06-01-14-42-40.jpg,2020:06:01 14:42:40,-84.30736,30.4446569444444,30.4446569444444 -84.30736
365,Pheno 22,2020-06-01T00:00:00Z,June,1,60,9.962599421842592,9.799278119845171,NA,KO,No,NA,Tallahassee,FL,Leon,6.1229,Austin Fife,open sun,NA,./22-2020-06-01-14-42-51.jpg,2020:06:01 14:42:51,-84.3073538888889,30.4446808333333,30.4446808333333 -84.3073538888889
366,Pheno 23,2020-06-01T00:00:00Z,June,1,469,106.08522932466595,105.85951607078368,NA,KO,No,NA,Tallahassee,FL,Leon,4.4304,Austin Fife,open sun,NA,./23-2020-06-01-14-43-05.jpg,2020:06:01 14:43:05,-84.3074619444444,30.4446688888889,30.4446688888889 -84.3074619444444
367,Pheno 24,2020-06-01T00:00:00Z,June,0,63,67.75650677565068,67.75650677565068,NA,KO,No,NA,Tallahassee,FL,Leon,0.9298,Austin Fife,open sun,NA,./24-2020-06-01-14-43-17.jpg,2020:06:01 14:43:17,-84.3074688888889,30.4446608333333,30.4446608333333 -84.3074688888889
368,Pheno 11,2020-06-09T00:00:00Z,June,4,0,0.46203248088340604,0,NA,KO,No,NA,Tallahassee,FL,Leon,8.6574,Austin Fife,open sun,NA,NA,NA,NA,NA,NA
369,Pheno 12,2020-06-09T00:00:00Z,June,1,0,0.13107877834578582,0,NA,KO,No,NA,Tallahassee,FL,Leon,7.629,Austin Fife,open sun,NA,NA,NA,NA,NA,NA
370,Pheno 13,2020-06-09T00:00:00Z,June,0,0,0,0,NA,KO,No,NA,Tallahassee,FL,Leon,8.3756,Austin Fife,open sun,NA,NA,NA,NA,NA,NA
371,Pheno 14,2020-06-09T00:00:00Z,June,3,0,1.6053941242575052,0,NA,KO,No,NA,Tallahassee,FL,Leon,1.8687,Austin Fife,open sun,NA,NA,NA,NA,NA,NA
390,Pheno 1,2020-08-21T00:00:00Z,August,0,0,0,0,NA,KO,No,NA,Tallahassee,FL,Leon,14.2356,Austin Fife,open sun,NA,./1-2020-08-21-12-43-59.jpg,2020:08:21 12:43:59,NA,NA,NA
391,Pheno 2,2020-08-21T00:00:00Z,August,0,0,0,0,NA,KO,No,NA,Tallahassee,FL,Leon,13.8276,Austin Fife,open sun,NA,./2-2020-08-21-12-44-22.jpg,2020:08:21 12:44:22,NA,NA,NA
392,Pheno 3,2020-08-21T00:00:00Z,August,1,0,0.07814820024694831,0,NA,KO,No,NA,Tallahassee,FL,Leon,12.7962,Austin Fife,open sun,NA,./3-2020-08-21-12-44-36.jpg,2020:08:21 12:44:36,NA,NA,NA
393,Pheno 4,2020-08-21T00:00:00Z,August,2,0,0.13463661577402591,0,NA,KO,No,NA,Tallahassee,FL,Leon,14.8548,Austin Fife,open sun,NA,./4-2020-08-21-12-44-51.jpg,2020:08:21 12:44:51,NA,NA,NA
394,Pheno 5,2020-08-21T00:00:00Z,August,0,0,0,0,NA,KO,No,NA,Tallahassee,FL,Leon,17.9768,Austin Fife,open sun,NA,./5-2020-08-21-12-45-02.jpg,2020:08:21 12:45:02,NA,NA,NA
395,Pheno 6,2020-08-21T00:00:00Z,August,0,0,0,0,NA,KO,No,NA,Tallahassee,FL,Leon,14.3074,Austin Fife,open sun,NA,./6-2020-08-21-12-45-13.jpg,2020:08:21 12:45:13,NA,NA,NA
396,Pheno 7,2020-08-21T00:00:00Z,August,0,0,0,0,NA,KO,No,NA,Tallahassee,FL,Leon,15.4349,Austin Fife,open sun,NA,./7-2020-08-21-12-45-30.jpg,2020:08:21 12:45:30,NA,NA,NA
397,Pheno 8,2020-08-21T00:00:00Z,August,5,0,0.2996039236129836,0,NA,KO,No,NA,Tallahassee,FL,Leon,16.6887,Austin Fife,open sun,NA,./8-2020-08-21-12-45-42.jpg,2020:08:21 12:45:42,NA,NA,NA
398,Pheno 9,2020-08-21T00:00:00Z,August,1,0,0.06028163580246914,0,NA,KO,No,NA,Tallahassee,FL,Leon,16.5888,Austin Fife,open sun,NA,./9-2020-08-21-12-45-56.jpg,2020:08:21 12:45:56,NA,NA,NA
399,Pheno 10,2020-08-21T00:00:00Z,August,2,0,0.1218434920344817,0,NA,KO,No,NA,Tallahassee,FL,Leon,16.4145,Austin Fife,open sun,NA,./10-2020-08-21-12-46-11.jpg,2020:08:21 12:46:11,NA,NA,NA
400,Pheno 11,2020-08-21T00:00:00Z,August,3,0,0.21412664877519555,0,NA,KO,No,NA,Tallahassee,FL,Leon,14.0104,Austin Fife,open sun,NA,./11-2020-08-21-12-46-48.jpg,2020:08:21 12:46:48,NA,NA,NA
401,Pheno 12,2020-08-21T00:00:00Z,August,0,0,0,0,NA,KO,No,NA,Tallahassee,FL,Leon,14.4156,Austin Fife,open sun,NA,./12-2020-08-21-12-46-58.jpg,2020:08:21 12:46:58,NA,NA,NA
402,Pheno 13,2020-08-21T00:00:00Z,August,14,0,0.8178621084485156,0,NA,KO,No,NA,Tallahassee,FL,Leon,17.1178,Austin Fife,open sun,NA,./13-2020-08-21-12-47-12.jpg,2020:08:21 12:47:12,NA,NA,NA
403,Pheno 14,2020-08-21T00:00:00Z,August,12,0,0.7811838841764694,0,NA,KO,No,NA,Tallahassee,FL,Leon,15.3613,Austin Fife,open sun,NA,./14-2020-08-21-12-47-27.jpg,2020:08:21 12:47:27,NA,NA,NA
404,Pheno 15,2020-08-21T00:00:00Z,August,3,0,0.2952639659855911,0,NA,KO,No,NA,Tallahassee,FL,Leon,10.1604,Austin Fife,open sun,NA,./15-2020-08-21-12-48-20.jpg,2020:08:21 12:48:20,NA,NA,NA
405,Pheno 16,2020-08-21T00:00:00Z,August,0,0,0,0,NA,KO,No,NA,Tallahassee,FL,Leon,9.1908,Austin Fife,open sun,NA,./16-2020-08-21-12-48-30.jpg,2020:08:21 12:48:30,NA,NA,NA
406,Pheno 17,2020-08-21T00:00:00Z,August,1,1,0.18908953389429894,0.09454476694714947,NA,KO,No,NA,Tallahassee,FL,Leon,10.577,Austin Fife,open sun,NA,./17-2020-08-21-12-48-41.jpg,2020:08:21 12:48:41,NA,NA,NA
407,Pheno 18,2020-08-21T00:00:00Z,August,0,0,0,0,NA,KO,No,NA,Tallahassee,FL,Leon,8.9208,Austin Fife,open sun,NA,./18-2020-08-21-12-48-54.jpg,2020:08:21 12:48:54,NA,NA,NA
408,Pheno 19,2020-08-21T00:00:00Z,August,0,0,0,0,NA,KO,No,NA,Tallahassee,FL,Leon,7.3389,Austin Fife,open sun,NA,./19-2020-08-21-12-49-09.jpg,2020:08:21 12:49:09,NA,NA,NA
409,Pheno 20,2020-08-21T00:00:00Z,August,0,0,0,0,NA,KO,No,NA,Tallahassee,FL,Leon,5.3765,Austin Fife,open sun,NA,./20-2020-08-21-12-49-23.jpg,2020:08:21 12:49:23,NA,NA,NA
410,Pheno 21,2020-08-21T00:00:00Z,August,0,1,0.1077992777448391,0.1077992777448391,NA,KO,No,NA,Tallahassee,FL,Leon,9.2765,Austin Fife,open sun,NA,./21-2020-08-21-12-49-37.jpg,2020:08:21 12:49:37,NA,NA,NA
411,Pheno 22,2020-08-21T00:00:00Z,August,1,0,0.15873771766909536,0,NA,KO,No,NA,Tallahassee,FL,Leon,6.2997,Austin Fife,open sun,NA,./22-2020-08-21-12-49-50.jpg,2020:08:21 12:49:50,NA,NA,NA
412,Pheno 23,2020-08-21T00:00:00Z,August,0,0,0,0,NA,KO,No,NA,Tallahassee,FL,Leon,5.2943,Austin Fife,open sun,NA,./23-2020-08-21-12-50-05.jpg,2020:08:21 12:50:05,NA,NA,NA
413,Pheno 24,2020-08-21T00:00:00Z,August,2,5,0.6344660062177668,0.45319000444126206,NA,KO,No,NA,Tallahassee,FL,Leon,11.0329,Austin Fife,open sun,NA,./24-2020-08-21-12-50-21.jpg,2020:08:21 12:50:21,NA,NA,NA
414,Pheno 1,2020-10-06T00:00:00Z,October,4,0,0.37311344514299577,0,NA,KO,No,NA,Tallahassee,FL,Leon,10.7206,Austin Fife,open sun,NA,./1-2020-10-06-14-19-48.jpg,2020:10:06 14:19:48,-84.3073808333333,30.4450677777778,30.4450677777778 -84.3073808333333
415,Pheno 2,2020-10-06T00:00:00Z,October,2,0,0.2709990379534153,0,NA,KO,No,NA,Tallahassee,FL,Leon,7.3801,Austin Fife,open sun,NA,./2-2020-10-06-14-19-58.jpg,2020:10:06 14:19:58,-84.3073658333333,30.4451077777778,30.4451077777778 -84.3073658333333
416,Pheno 3,2020-10-06T00:00:00Z,October,3,0,0.17940974194898784,0,NA,KO,No,NA,Tallahassee,FL,Leon,16.7215,Austin Fife,open sun,NA,./3-2020-10-06-14-20-06.jpg,2020:10:06 14:20:06,-84.307355,30.4451538888889,30.4451538888889 -84.307355
417,Pheno 4,2020-10-06T00:00:00Z,October,3,0,0.24527237497240686,0,NA,KO,No,NA,Tallahassee,FL,Leon,12.2313,Austin Fife,open sun,NA,./4-2020-10-06-14-20-14.jpg,2020:10:06 14:20:14,-84.3073847222222,30.4451977777778,30.4451977777778 -84.3073847222222
418,Pheno 5,2020-10-06T00:00:00Z,October,3,0,0.1943030350134069,0,NA,KO,No,NA,Tallahassee,FL,Leon,15.4398,Austin Fife,open sun,NA,./5-2020-10-06-14-20-22.jpg,2020:10:06 14:20:22,-84.30731,30.4451708333333,30.4451708333333 -84.30731
419,Pheno 6,2020-10-06T00:00:00Z,October,10,0,1.269760650117453,0,NA,KO,No,NA,Tallahassee,FL,Leon,7.8755,Austin Fife,open sun,NA,./6-2020-10-06-14-20-30.jpg,2020:10:06 14:20:30,-84.307235,30.4451127777778,30.4451127777778 -84.307235
420,Pheno 7,2020-10-06T00:00:00Z,October,5,0,0.43054455275031855,0,NA,KO,No,NA,Tallahassee,FL,Leon,11.6132,Austin Fife,open sun,NA,./7-2020-10-06-14-20-40.jpg,2020:10:06 14:20:40,-84.3072897222222,30.4450947222222,30.4450947222222 -84.3072897222222
421,Pheno 8,2020-10-06T00:00:00Z,October,9,0,0.502905677246312,0,NA,KO,No,NA,Tallahassee,FL,Leon,17.896,Austin Fife,open sun,NA,./8-2020-10-06-14-20-49.jpg,2020:10:06 14:20:49,-84.3072519444444,30.4451197222222,30.4451197222222 -84.3072519444444
422,Pheno 9,2020-10-06T00:00:00Z,October,4,0,0.2961493184863808,0,NA,KO,No,NA,Tallahassee,FL,Leon,13.5067,Austin Fife,open sun,NA,./9-2020-10-06-14-20-58.jpg,2020:10:06 14:20:58,-84.3072419444444,30.4451238888889,30.4451238888889 -84.3072419444444
423,Pheno 10,2020-10-06T00:00:00Z,October,22,0,2.917230222505105,0,NA,KO,No,NA,Tallahassee,FL,Leon,7.5414,Austin Fife,open sun,NA,./10-2020-10-06-14-21-08.jpg,2020:10:06 14:21:08,-84.3072147222222,30.4451069444444,30.4451069444444 -84.3072147222222
424,Pheno 11,2020-10-06T00:00:00Z,October,9,0,1.0975609756097562,0,NA,KO,No,NA,Tallahassee,FL,Leon,8.2,Austin Fife,open sun,NA,./11-2020-10-06-14-41-38.jpg,2020:10:06 14:41:38,-84.3069608333333,30.445015,30.445015 -84.3069608333333
425,Pheno 12,2020-10-06T00:00:00Z,October,15,0,1.917668115571465,0,NA,KO,No,NA,Tallahassee,FL,Leon,7.822,Austin Fife,open sun,NA,./12-2020-10-06-14-41-48.jpg,2020:10:06 14:41:48,-84.3069788888889,30.4450238888889,30.4450238888889 -84.3069788888889
426,Pheno 13,2020-10-06T00:00:00Z,October,6,0,1.294861557718454,0,NA,KO,No,NA,Tallahassee,FL,Leon,4.6337,Austin Fife,open sun,NA,./13-2020-10-06-14-42-01.jpg,2020:10:06 14:42:01,-84.306915,30.4449108333333,30.4449108333333 -84.306915
427,Pheno 14,2020-10-06T00:00:00Z,October,8,0,1.2202562538133008,0,NA,KO,No,NA,Tallahassee,FL,Leon,6.556,Austin Fife,open sun,NA,./14-2020-10-06-14-42-15.jpg,2020:10:06 14:42:15,-84.3069619444444,30.4448777777778,30.4448777777778 -84.3069619444444
428,Pheno 15,2020-10-06T00:00:00Z,October,17,0,1.3435548881688137,0,NA,KO,No,NA,Tallahassee,FL,Leon,12.653,Austin Fife,open sun,NA,./15-2020-10-06-14-01-43.jpg,2020:10:06 14:01:43,-84.3071977777778,30.4445869444444,30.4445869444444 -84.3071977777778
429,Pheno 16,2020-10-06T00:00:00Z,October,18,0,7.422374335078966,0,NA,KO,No,NA,Tallahassee,FL,Leon,2.4251,Austin Fife,open sun,NA,./16-2020-10-06-14-01-32.jpg,2020:10:06 14:01:32,-84.3072047222222,30.4446008333333,30.4446008333333 -84.3072047222222
430,Pheno 17,2020-10-06T00:00:00Z,October,8,0,1.5563293971168999,0,NA,KO,No,NA,Tallahassee,FL,Leon,5.1403,Austin Fife,open sun,NA,./17-2020-10-06-14-01-22.jpg,2020:10:06 14:01:22,-84.3073158333333,30.444675,30.444675 -84.3073158333333
431,Pheno 18,2020-10-06T00:00:00Z,October,21,0,8.224650452355775,0,NA,KO,No,NA,Tallahassee,FL,Leon,2.5533,Austin Fife,open sun,NA,./18-2020-10-06-14-01-13.jpg,2020:10:06 14:01:13,-84.3073127777778,30.4446327777778,30.4446327777778 -84.3073127777778
432,Pheno 19,2020-10-06T00:00:00Z,October,8,0,1.0982825606457902,0,NA,KO,No,NA,Tallahassee,FL,Leon,7.2841,Austin Fife,open sun,NA,./19-2020-10-06-14-01-04.jpg,2020:10:06 14:01:04,-84.3072088888889,30.4446369444444,30.4446369444444 -84.3072088888889
433,Pheno 20,2020-10-06T00:00:00Z,October,8,0,2.0159766146712697,0,NA,KO,No,NA,Tallahassee,FL,Leon,3.9683,Austin Fife,open sun,NA,./20-2020-10-06-14-00-55.jpg,2020:10:06 14:00:55,-84.3072638888889,30.4446369444444,30.4446369444444 -84.3072638888889
434,Pheno 21,2020-10-06T00:00:00Z,October,1,0,0.5282062117050497,0,NA,KO,No,NA,Tallahassee,FL,Leon,1.8932,Austin Fife,open sun,NA,./21-2020-10-06-14-00-47.jpg,2020:10:06 14:00:47,-84.3073777777778,30.4446119444444,30.4446119444444 -84.3073777777778
435,Pheno 22,2020-10-06T00:00:00Z,October,0,0,0,0,NA,KO,No,NA,Tallahassee,FL,Leon,5.5187,Austin Fife,open sun,NA,./22-2020-10-06-14-00-38.jpg,2020:10:06 14:00:38,-84.3073827777778,30.4446277777778,30.4446277777778 -84.3073827777778
436,Pheno 23,2020-10-06T00:00:00Z,October,2,0,0.425161029740014,0,NA,KO,No,NA,Tallahassee,FL,Leon,4.7041,Austin Fife,open sun,NA,./23-2020-10-06-14-00-28.jpg,2020:10:06 14:00:28,-84.3074588888889,30.4445969444444,30.4445969444444 -84.3074588888889
437,Pheno 24,2020-10-06T00:00:00Z,October,2,0,0.3090043878623076,0,NA,KO,No,NA,Tallahassee,FL,Leon,6.4724,Austin Fife,open sun,NA,./24-2020-10-06-14-00-20.jpg,2020:10:06 14:00:20,-84.3074758333333,30.4445538888889,30.4445538888889 -84.3074758333333
438,Pheno 1,2020-11-05T00:00:00Z,November,28,52,8.894818768067601,5.781632199243941,NA,KO,No,NA,Tallahassee,FL,Leon,8.994,Austin Fife,open sun,NA,./1-2020-11-05-16-27-24.jpg,2020:11:05 16:27:24,-84.307495,30.44515,30.44515 -84.307495
439,Pheno 2,2020-11-05T00:00:00Z,November,3,339,55.35682491380845,54.871238730353994,NA,KO,No,NA,Tallahassee,FL,Leon,6.1781,Austin Fife,open sun,NA,./2-2020-11-05-16-27-33.jpg,2020:11:05 16:27:33,-84.3074069444444,30.4451538888889,30.4451538888889 -84.3074069444444
440,Pheno 3,2020-11-05T00:00:00Z,November,2,252,50.66219881921174,50.263283867879366,NA,KO,No,NA,Tallahassee,FL,Leon,5.0136,Austin Fife,open sun,NA,./3-2020-11-05-16-27-41.jpg,2020:11:05 16:27:41,-84.3073977777778,30.4451838888889,30.4451838888889 -84.3073977777778
441,Pheno 4,2020-11-05T00:00:00Z,November,8,130,20.94526910117476,19.731050602555932,NA,KO,No,NA,Tallahassee,FL,Leon,6.5886,Austin Fife,open sun,NA,./4-2020-11-05-16-27-48.jpg,2020:11:05 16:27:48,-84.3074038888889,30.4451947222222,30.4451947222222 -84.3074038888889
442,Pheno 5,2020-11-05T00:00:00Z,November,12,196,39.52944753796157,37.24890248769456,NA,KO,No,NA,Tallahassee,FL,Leon,5.2619,Austin Fife,open sun,NA,./5-2020-11-05-16-27-55.jpg,2020:11:05 16:27:55,-84.3073769444444,30.44518,30.44518 -84.3073769444444
443,Pheno 6,2020-11-05T00:00:00Z,November,12,180,34.94594299443049,32.76182155727858,NA,KO,No,NA,Tallahassee,FL,Leon,5.4942,Austin Fife,open sun,NA,./6-2020-11-05-16-28-02.jpg,2020:11:05 16:28:02,-84.3073508333333,30.44517,30.44517 -84.3073508333333
444,Pheno 7,2020-11-05T00:00:00Z,November,16,37,15.087679344112958,10.532908221361877,NA,KO,No,NA,Tallahassee,FL,Leon,3.5128,Austin Fife,open sun,NA,./7-2020-11-05-16-28-10.jpg,2020:11:05 16:28:10,-84.3072477777778,30.4451619444444,30.4451619444444 -84.3072477777778
445,Pheno 8,2020-11-05T00:00:00Z,November,10,66,26.797362575367583,23.271393815450793,NA,KO,No,NA,Tallahassee,FL,Leon,2.8361,Austin Fife,open sun,NA,./8-2020-11-05-16-28-18.jpg,2020:11:05 16:28:18,-84.3072427777778,30.4451747222222,30.4451747222222 -84.3072427777778
446,Pheno 9,2020-11-05T00:00:00Z,November,9,22,2.870290640074813,2.0369804542466414,NA,KO,No,NA,Tallahassee,FL,Leon,10.8003,Austin Fife,open sun,NA,./9-2020-11-05-16-28-29.jpg,2020:11:05 16:28:29,-84.3071708333333,30.4451188888889,30.4451188888889 -84.3071708333333
447,Pheno 10,2020-11-05T00:00:00Z,November,13,32,3.072448331660556,2.1848521469586175,NA,KO,No,NA,Tallahassee,FL,Leon,14.6463,Austin Fife,open sun,NA,./10-2020-11-05-16-28-40.jpg,2020:11:05 16:28:40,-84.3071108333333,30.4451258333333,30.4451258333333 -84.3071108333333
448,Pheno 11,2020-11-05T00:00:00Z,November,39,41,8.824178248400617,4.522391352305316,NA,KO,No,NA,Tallahassee,FL,Leon,9.066,Austin Fife,open sun,NA,./11-2020-11-05-16-29-16.jpg,2020:11:05 16:29:16,-84.3069738888889,30.4449819444444,30.4449819444444 -84.3069738888889
449,Pheno 12,2020-11-05T00:00:00Z,November,44,9,8.793323710450782,1.4932059130954158,NA,KO,No,NA,Tallahassee,FL,Leon,6.0273,Austin Fife,open sun,NA,./12-2020-11-05-16-29-26.jpg,2020:11:05 16:29:26,-84.3069588888889,30.445,30.445 -84.3069588888889
450,Pheno 13,2020-11-05T00:00:00Z,November,25,2,3.2975890959720564,0.24426585896089306,NA,KO,No,NA,Tallahassee,FL,Leon,8.1878,Austin Fife,open sun,NA,./13-2020-11-05-16-29-37.jpg,2020:11:05 16:29:37,-84.3069338888889,30.4449608333333,30.4449608333333 -84.3069338888889
451,Pheno 14,2020-11-05T00:00:00Z,November,8,4,1.532469190983973,0.5108230636613244,NA,KO,No,NA,Tallahassee,FL,Leon,7.8305,Austin Fife,open sun,NA,./14-2020-11-05-16-29-51.jpg,2020:11:05 16:29:51,-84.3069297222222,30.4448808333333,30.4448808333333 -84.3069297222222
452,Pheno 15,2020-11-05T00:00:00Z,November,23,0,2.690247268814186,0,NA,KO,No,NA,Tallahassee,FL,Leon,8.5494,Austin Fife,open sun,NA,./15-2020-11-05-16-30-59.jpg,2020:11:05 16:30:59,-84.3071758333333,30.4446677777778,30.4446677777778 -84.3071758333333
453,Pheno 16,2020-11-05T00:00:00Z,November,36,3,4.658385093167702,0.358337314859054,NA,KO,No,NA,Tallahassee,FL,Leon,8.372,Austin Fife,open sun,NA,./16-2020-11-05-16-31-08.jpg,2020:11:05 16:31:08,-84.30719,30.4446677777778,30.4446677777778 -84.30719
454,Pheno 17,2020-11-05T00:00:00Z,November,24,0,2.9461589452750974,0,NA,KO,No,NA,Tallahassee,FL,Leon,8.1462,Austin Fife,open sun,NA,./17-2020-11-05-16-31-16.jpg,2020:11:05 16:31:16,-84.3072319444444,30.4446658333333,30.4446658333333 -84.3072319444444
455,Pheno 18,2020-11-05T00:00:00Z,November,18,1,2.157840342528762,0.11357054434361905,NA,KO,No,NA,Tallahassee,FL,Leon,8.8051,Austin Fife,open sun,NA,./18-2020-11-05-16-31-25.jpg,2020:11:05 16:31:25,-84.3072269444444,30.444675,30.444675 -84.3072269444444
456,Pheno 19,2020-11-05T00:00:00Z,November,10,3,2.1403757182606977,0.4939328580601611,NA,KO,No,NA,Tallahassee,FL,Leon,6.0737,Austin Fife,open sun,NA,./19-2020-11-05-16-31-33.jpg,2020:11:05 16:31:33,-84.3072708333333,30.4446688888889,30.4446688888889 -84.3072708333333
457,Pheno 20,2020-11-05T00:00:00Z,November,14,47,41.50789330430049,31.981491562329886,NA,KO,No,NA,Tallahassee,FL,Leon,1.4696,Austin Fife,open sun,NA,./20-2020-11-05-16-31-42.jpg,2020:11:05 16:31:42,-84.3072997222222,30.444735,30.444735 -84.3072997222222
458,Pheno 21,2020-11-05T00:00:00Z,November,20,48,13.899961161873224,9.81173729073404,NA,KO,No,NA,Tallahassee,FL,Leon,4.8921,Austin Fife,open sun,NA,./21-2020-11-05-16-31-52.jpg,2020:11:05 16:31:52,-84.3072858333333,30.4447269444444,30.4447269444444 -84.3072858333333
459,Pheno 22,2020-11-05T00:00:00Z,November,31,21,9.043950119136651,3.6523644711898013,NA,KO,No,NA,Tallahassee,FL,Leon,5.7497,Austin Fife,open sun,NA,./22-2020-11-05-16-32-01.jpg,2020:11:05 16:32:01,-84.3073138888889,30.4447027777778,30.4447027777778 -84.3073138888889
460,Pheno 23,2020-11-05T00:00:00Z,November,10,6,5.732712289501971,2.149767108563239,NA,KO,No,NA,Tallahassee,FL,Leon,2.791,Austin Fife,open sun,NA,./23-2020-11-05-16-32-10.jpg,2020:11:05 16:32:10,-84.3074288888889,30.4447,30.4447 -84.3074288888889
461,Pheno 24,2020-11-05T00:00:00Z,November,27,42,18.290743293394126,11.133495917718163,NA,KO,No,NA,Tallahassee,FL,Leon,3.7724,Austin Fife,open sun,NA,./24-2020-11-05-16-32-22.jpg,2020:11:05 16:32:22,-84.3074277777778,30.4447069444444,30.4447069444444 -84.3074277777778
462,Pheno 1,2021-03-18T00:00:00Z,March,9,6,1.9338868547264194,0.7735547418905677,NA,KO,No,NA,Tallahassee,FL,Leon,7.7564,Austin Fife,open sun,NA,./1-2021-03-18-11-45-28.jpg,2021:03:18 11:45:28,-84.3073619444444,30.4451558333333,30.4451558333333 -84.3073619444444
463,Pheno 2,2021-03-18T00:00:00Z,March,47,57,10.108373426641394,5.540166204986149,NA,KO,No,NA,Tallahassee,FL,Leon,10.2885,Austin Fife,open sun,NA,./2-2021-03-18-11-47-22.jpg,2021:03:18 11:47:22,-84.3073319444444,30.4451727777778,30.4451727777778 -84.3073319444444
464,Pheno 3,2021-03-18T00:00:00Z,March,17,16,4.7236655644780345,2.2902620918681382,NA,KO,No,NA,Tallahassee,FL,Leon,6.9861,Austin Fife,open sun,NA,./3-2021-03-18-11-47-33.jpg,2021:03:18 11:47:33,-84.3073277777778,30.4451238888889,30.4451238888889 -84.3073277777778
465,Pheno 4,2021-03-18T00:00:00Z,March,9,20,3.6599987379314696,2.524137060642393,NA,KO,No,NA,Tallahassee,FL,Leon,7.9235,Austin Fife,open sun,NA,./4-2021-03-18-11-50-07.jpg,2021:03:18 11:50:07,-84.3073227777778,30.4451669444444,30.4451669444444 -84.3073227777778
466,Pheno 5,2021-03-18T00:00:00Z,March,6,30,3.4035472525810233,2.836289377150853,NA,KO,No,NA,Tallahassee,FL,Leon,10.5772,Austin Fife,open sun,NA,./5-2021-03-18-11-50-16.jpg,2021:03:18 11:50:16,-84.3073008333333,30.4451738888889,30.4451738888889 -84.3073008333333
467,Pheno 6,2021-03-18T00:00:00Z,March,6,16,3.1070813207920236,2.2596955060305626,NA,KO,No,NA,Tallahassee,FL,Leon,7.0806,Austin Fife,open sun,NA,./6-2021-03-18-11-50-25.jpg,2021:03:18 11:50:25,-84.3072669444445,30.4451677777778,30.4451677777778 -84.3072669444445
468,Pheno 7,2021-03-18T00:00:00Z,March,2,5,1.3416387158600862,0.9583133684714902,NA,KO,No,NA,Tallahassee,FL,Leon,5.2175,Austin Fife,open sun,NA,./7-2021-03-18-11-50-34.jpg,2021:03:18 11:50:34,-84.3071569444444,30.4451458333333,30.4451458333333 -84.3071569444444
469,Pheno 8,2021-03-18T00:00:00Z,March,6,3,1.5144376388234502,0.5048125462744834,NA,KO,No,NA,Tallahassee,FL,Leon,5.9428,Austin Fife,open sun,NA,./8-2021-03-18-11-52-39.jpg,2021:03:18 11:52:39,-84.3071197222222,30.4451508333333,30.4451508333333 -84.3071197222222
470,Pheno 9,2021-03-18T00:00:00Z,March,200,5,30.09041803663692,0.7339126350399249,NA,KO,No,NA,Tallahassee,FL,Leon,6.8128,Austin Fife,open sun,NA,./9-2021-03-18-11-52-47.jpg,2021:03:18 11:52:47,-84.3071208333333,30.4451519444444,30.4451519444444 -84.3071208333333
471,Pheno 10,2021-03-18T00:00:00Z,March,10,19,2.946555578134525,1.9305019305019304,NA,KO,No,NA,Tallahassee,FL,Leon,9.842,Austin Fife,open sun,NA,./10-2021-03-18-11-52-55.jpg,2021:03:18 11:52:55,-84.3071088888889,30.4451477777778,30.4451477777778 -84.3071088888889
472,Pheno 11,2021-03-18T00:00:00Z,March,8,35,7.661742957432781,6.236302407212729,NA,KO,No,NA,Tallahassee,FL,Leon,5.6123,Austin Fife,open sun,NA,./11-2021-03-18-11-53-53.jpg,2021:03:18 11:53:53,-84.3069277777778,30.4450127777778,30.4450127777778 -84.3069277777778
473,Pheno 12,2021-03-18T00:00:00Z,March,2,0,0.10643732970027248,0,NA,KO,No,NA,Tallahassee,FL,Leon,18.7904,Austin Fife,open sun,NA,./12-2021-03-18-11-54-01.jpg,2021:03:18 11:54:01,-84.3069138888889,30.4450038888889,30.4450038888889 -84.3069138888889
474,Pheno 13,2021-03-18T00:00:00Z,March,15,27,6.5675282638269925,4.221982455317352,NA,KO,No,NA,Tallahassee,FL,Leon,6.3951,Austin Fife,open sun,NA,./13-2021-03-18-11-54-12.jpg,2021:03:18 11:54:12,-84.3069258333333,30.4449808333333,30.4449808333333 -84.3069258333333
475,Pheno 14,2021-03-18T00:00:00Z,March,6,18,1.456160468883671,1.0921203516627533,NA,KO,No,NA,Tallahassee,FL,Leon,16.4817,Austin Fife,open sun,NA,./14-2021-03-18-11-54-25.jpg,2021:03:18 11:54:25,-84.3069538888889,30.4449397222222,30.4449397222222 -84.3069538888889
476,Pheno 15,2021-03-18T00:00:00Z,March,13,4,1.661226962690797,0.39087693239783455,NA,KO,No,NA,Tallahassee,FL,Leon,10.2334,Austin Fife,open sun,NA,./15-2021-03-18-11-56-22.jpg,2021:03:18 11:56:22,-84.3071019444444,30.4446697222222,30.4446697222222 -84.3071019444444
477,Pheno 16,2021-03-18T00:00:00Z,March,23,7,2.9938625817074995,0.6985679357317499,NA,KO,No,NA,Tallahassee,FL,Leon,10.0205,Austin Fife,open sun,NA,./16-2021-03-18-11-56-30.jpg,2021:03:18 11:56:30,-84.3071147222222,30.4446638888889,30.4446638888889 -84.3071147222222
478,Pheno 17,2021-03-18T00:00:00Z,March,75,3,7.180072537143067,0.2761566360439641,NA,KO,No,NA,Tallahassee,FL,Leon,10.8634,Austin Fife,open sun,NA,./17-2021-03-18-11-56-41.jpg,2021:03:18 11:56:41,-84.3071338888889,30.4446427777778,30.4446427777778 -84.3071338888889
479,Pheno 18,2021-03-18T00:00:00Z,March,64,15,11.74668788009457,2.2303837747015005,NA,KO,No,NA,Tallahassee,FL,Leon,6.7253,Austin Fife,open sun,NA,./18-2021-03-18-11-56-48.jpg,2021:03:18 11:56:48,-84.3071419444444,30.4446508333333,30.4446508333333 -84.3071419444444
480,Pheno 19,2021-03-18T00:00:00Z,March,5,6,0.5085811510578488,0.2774079005770085,NA,KO,No,NA,Tallahassee,FL,Leon,21.6288,Austin Fife,open sun,NA,./19-2021-03-18-11-57-33.jpg,2021:03:18 11:57:33,-84.3072147222222,30.4447269444444,30.4447269444444 -84.3072147222222
481,Pheno 20,2021-03-18T00:00:00Z,March,43,27,9.209556888748553,3.552257657088728,NA,KO,No,NA,Tallahassee,FL,Leon,7.6008,Austin Fife,open sun,NA,./20-2021-03-18-11-57-40.jpg,2021:03:18 11:57:40,-84.3072547222222,30.4446469444444,30.4446469444444 -84.3072547222222
482,Pheno 21,2021-03-18T00:00:00Z,March,0,17,2.3165497036179055,2.3165497036179055,NA,KO,No,NA,Tallahassee,FL,Leon,7.3385,Austin Fife,open sun,NA,./21-2021-03-18-11-57-49.jpg,2021:03:18 11:57:49,-84.3072577777778,30.4447,30.4447 -84.3072577777778
483,Pheno 22,2021-03-18T00:00:00Z,March,4,27,1.4468875581672136,1.260192389371444,NA,KO,No,NA,Tallahassee,FL,Leon,21.4253,Austin Fife,open sun,NA,./22-2021-03-18-11-57-57.jpg,2021:03:18 11:57:57,-84.3072627777778,30.4446888888889,30.4446888888889 -84.3072627777778
484,Pheno 23,2021-03-18T00:00:00Z,March,4,33,8.2039911308204,7.317073170731708,NA,KO,No,NA,Tallahassee,FL,Leon,4.51,Austin Fife,open sun,NA,./23-2021-03-18-12-21-59.jpg,2021:03:18 12:21:59,-84.3072869444444,30.4447027777778,30.4447027777778 -84.3072869444444
485,Pheno 24,2021-03-18T00:00:00Z,March,5,28,1.7865747031849755,1.515881566338767,NA,KO,No,NA,Tallahassee,FL,Leon,18.4711,Austin Fife,open sun,NA,./24-2021-03-18-12-23-29.jpg,2021:03:18 12:23:29,-84.3073497222222,30.4447038888889,30.4447038888889 -84.3073497222222
468,Pheno 7,2021-03-18T00:00:00Z,March,2,5,1.3416387158600862,0.9583133684714902,NA,KO,No,NA,Tallahassee,FL,Leon,5.2175,Austin Fife,open sun,NA,./7-2021-03-18-11-50-34.jpg,2021:03:18 11:50:34,-84.3071569444444,30.4451458333333,30.4451458333333 -84.3071569444444
469,Pheno 8,2021-03-18T00:00:00Z,March,6,3,1.5144376388234502,0.5048125462744834,NA,KO,No,NA,Tallahassee,FL,Leon,5.9428,Austin Fife,open sun,NA,./8-2021-03-18-11-52-39.jpg,2021:03:18 11:52:39,-84.3071197222222,30.4451508333333,30.4451508333333 -84.3071197222222
470,Pheno 9,2021-03-18T00:00:00Z,March,200,5,30.09041803663692,0.7339126350399249,NA,KO,No,NA,Tallahassee,FL,Leon,6.8128,Austin Fife,open sun,NA,./9-2021-03-18-11-52-47.jpg,2021:03:18 11:52:47,-84.3071208333333,30.4451519444444,30.4451519444444 -84.3071208333333
471,Pheno 10,2021-03-18T00:00:00Z,March,10,19,2.946555578134525,1.9305019305019304,NA,KO,No,NA,Tallahassee,FL,Leon,9.842,Austin Fife,open sun,NA,./10-2021-03-18-11-52-55.jpg,2021:03:18 11:52:55,-84.3071088888889,30.4451477777778,30.4451477777778 -84.3071088888889
472,Pheno 11,2021-03-18T00:00:00Z,March,8,35,7.661742957432781,6.236302407212729,NA,KO,No,NA,Tallahassee,FL,Leon,5.6123,Austin Fife,open sun,NA,./11-2021-03-18-11-53-53.jpg,2021:03:18 11:53:53,-84.3069277777778,30.4450127777778,30.4450127777778 -84.3069277777778
473,Pheno 12,2021-03-18T00:00:00Z,March,2,0,0.10643732970027248,0,NA,KO,No,NA,Tallahassee,FL,Leon,18.7904,Austin Fife,open sun,NA,./12-2021-03-18-11-54-01.jpg,2021:03:18 11:54:01,-84.3069138888889,30.4450038888889,30.4450038888889 -84.3069138888889
474,Pheno 13,2021-03-18T00:00:00Z,March,15,27,6.5675282638269925,4.221982455317352,NA,KO,No,NA,Tallahassee,FL,Leon,6.3951,Austin Fife,open sun,NA,./13-2021-03-18-11-54-12.jpg,2021:03:18 11:54:12,-84.3069258333333,30.4449808333333,30.4449808333333 -84.3069258333333
475,Pheno 14,2021-03-18T00:00:00Z,March,6,18,1.456160468883671,1.0921203516627533,NA,KO,No,NA,Tallahassee,FL,Leon,16.4817,Austin Fife,open sun,NA,./14-2021-03-18-11-54-25.jpg,2021:03:18 11:54:25,-84.3069538888889,30.4449397222222,30.4449397222222 -84.3069538888889
476,Pheno 15,2021-03-18T00:00:00Z,March,13,4,1.661226962690797,0.39087693239783455,NA,KO,No,NA,Tallahassee,FL,Leon,10.2334,Austin Fife,open sun,NA,./15-2021-03-18-11-56-22.jpg,2021:03:18 11:56:22,-84.3071019444444,30.4446697222222,30.4446697222222 -84.3071019444444
477,Pheno 16,2021-03-18T00:00:00Z,March,23,7,2.9938625817074995,0.6985679357317499,NA,KO,No,NA,Tallahassee,FL,Leon,10.0205,Austin Fife,open sun,NA,./16-2021-03-18-11-56-30.jpg,2021:03:18 11:56:30,-84.3071147222222,30.4446638888889,30.4446638888889 -84.3071147222222
478,Pheno 17,2021-03-18T00:00:00Z,March,75,3,7.180072537143067,0.2761566360439641,NA,KO,No,NA,Tallahassee,FL,Leon,10.8634,Austin Fife,open sun,NA,./17-2021-03-18-11-56-41.jpg,2021:03:18 11:56:41,-84.3071338888889,30.4446427777778,30.4446427777778 -84.3071338888889
479,Pheno 18,2021-03-18T00:00:00Z,March,64,15,11.74668788009457,2.2303837747015005,NA,KO,No,NA,Tallahassee,FL,Leon,6.7253,Austin Fife,open sun,NA,./18-2021-03-18-11-56-48.jpg,2021:03:18 11:56:48,-84.3071419444444,30.4446508333333,30.4446508333333 -84.3071419444444
480,Pheno 19,2021-03-18T00:00:00Z,March,5,6,0.5085811510578488,0.2774079005770085,NA,KO,No,NA,Tallahassee,FL,Leon,21.6288,Austin Fife,open sun,NA,./19-2021-03-18-11-57-33.jpg,2021:03:18 11:57:33,-84.3072147222222,30.4447269444444,30.4447269444444 -84.3072147222222
481,Pheno 20,2021-03-18T00:00:00Z,March,43,27,9.209556888748553,3.552257657088728,NA,KO,No,NA,Tallahassee,FL,Leon,7.6008,Austin Fife,open sun,NA,./20-2021-03-18-11-57-40.jpg,2021:03:18 11:57:40,-84.3072547222222,30.4446469444444,30.4446469444444 -84.3072547222222
482,Pheno 21,2021-03-18T00:00:00Z,March,0,17,2.3165497036179055,2.3165497036179055,NA,KO,No,NA,Tallahassee,FL,Leon,7.3385,Austin Fife,open sun,NA,./21-2021-03-18-11-57-49.jpg,2021:03:18 11:57:49,-84.3072577777778,30.4447,30.4447 -84.3072577777778
483,Pheno 22,2021-03-18T00:00:00Z,March,4,27,1.4468875581672136,1.260192389371444,NA,KO,No,NA,Tallahassee,FL,Leon,21.4253,Austin Fife,open sun,NA,./22-2021-03-18-11-57-57.jpg,2021:03:18 11:57:57,-84.3072627777778,30.4446888888889,30.4446888888889 -84.3072627777778
484,Pheno 23,2021-03-18T00:00:00Z,March,4,33,8.2039911308204,7.317073170731708,NA,KO,No,NA,Tallahassee,FL,Leon,4.51,Austin Fife,open sun,NA,./23-2021-03-18-12-21-59.jpg,2021:03:18 12:21:59,-84.3072869444444,30.4447027777778,30.4447027777778 -84.3072869444444
485,Pheno 24,2021-03-18T00:00:00Z,March,5,28,1.7865747031849755,1.515881566338767,NA,KO,No,NA,Tallahassee,FL,Leon,18.4711,Austin Fife,open sun,NA,./24-2021-03-18-12-23-29.jpg,2021:03:18 12:23:29,-84.3073497222222,30.4447038888889,30.4447038888889 -84.3073497222222
485,Pheno 1,2021-05-26T00:00:00Z,May,5,38,3.31636587999383,2.9307419404596637,NA,NA,NA,NA,NA,NA,NA,12.966,NA,NA,NA,NA,NA,NA,NA,NA
486,Pheno 2,2021-05-26T00:00:00Z,May,6,107,6.527264325323475,6.180683918669131,NA,NA,NA,NA,NA,NA,NA,17.312,NA,NA,NA,NA,NA,NA,NA,NA
487,Pheno 3,2021-05-26T00:00:00Z,May,13,15,1.5491009681881052,0.8298755186721992,NA,NA,NA,NA,NA,NA,NA,18.075,NA,NA,NA,NA,NA,NA,NA,NA
488,Pheno 4,2021-05-26T00:00:00Z,May,1,6,0.38813418353202106,0.33268644302744665,NA,NA,NA,NA,NA,NA,NA,18.035,NA,NA,NA,NA,NA,NA,NA,NA
489,Pheno 5,2021-05-26T00:00:00Z,May,1,4,0.31283238440843397,0.25026590752674716,NA,NA,NA,NA,NA,NA,NA,15.983,NA,NA,NA,NA,NA,NA,NA,NA
490,Pheno 6,2021-05-26T00:00:00Z,May,3,46,3.3987653464659777,3.1906776721925505,NA,NA,NA,NA,NA,NA,NA,14.417,NA,NA,NA,NA,NA,NA,NA,NA
491,Pheno 7,2021-05-26T00:00:00Z,May,3,3,0.32628201642286153,0.16314100821143077,NA,NA,NA,NA,NA,NA,NA,18.389,NA,NA,NA,NA,NA,NA,NA,NA
492,Pheno 8,2021-05-26T00:00:00Z,May,4,71,6.559384292461082,6.2095504635298235,NA,NA,NA,NA,NA,NA,NA,11.434,NA,NA,NA,NA,NA,NA,NA,NA
493,Pheno 9,2021-05-26T00:00:00Z,May,3,27,1.477832512315271,1.3300492610837438,NA,NA,NA,NA,NA,NA,NA,20.3,NA,NA,NA,NA,NA,NA,NA,NA
494,Pheno 10,2021-05-26T00:00:00Z,May,4,12,0.8601688081285953,0.6451266060964465,NA,NA,NA,NA,NA,NA,NA,18.601,NA,NA,NA,NA,NA,NA,NA,NA
495,Pheno 11,2021-05-26T00:00:00Z,May,7,8,2.2984983144345694,1.225865767698437,NA,NA,NA,NA,NA,NA,NA,6.526,NA,NA,NA,NA,NA,NA,NA,NA
496,Pheno 12,2021-05-26T00:00:00Z,May,12,11,1.8755606295360026,0.8970072576041752,NA,NA,NA,NA,NA,NA,NA,12.263,NA,NA,NA,NA,NA,NA,NA,NA
497,Pheno 13,2021-05-26T00:00:00Z,May,11,13,1.4636823809233397,0.7928279563334757,NA,NA,NA,NA,NA,NA,NA,16.397,NA,NA,NA,NA,NA,NA,NA,NA
498,Pheno 14,2021-05-26T00:00:00Z,May,25,8,2.3086609766335524,0.5596753882748006,NA,NA,NA,NA,NA,NA,NA,14.294,NA,NA,NA,NA,NA,NA,NA,NA
499,Pheno 15,2021-05-26T00:00:00Z,May,11,17,1.2014073629108384,0.7294258989101519,NA,NA,NA,NA,NA,NA,NA,23.306,NA,NA,NA,NA,NA,NA,NA,NA
500,Pheno 16,2021-05-26T00:00:00Z,May,14,20,1.5126573831027272,0.8897984606486631,NA,NA,NA,NA,NA,NA,NA,22.477,NA,NA,NA,NA,NA,NA,NA,NA
501,Pheno 17,2021-05-26T00:00:00Z,May,24,18,2.0459859703819174,0.8768511301636789,NA,NA,NA,NA,NA,NA,NA,20.528,NA,NA,NA,NA,NA,NA,NA,NA
502,Pheno 18,2021-05-26T00:00:00Z,May,28,12,2.4019696150843695,0.7205908845253108,NA,NA,NA,NA,NA,NA,NA,16.653,NA,NA,NA,NA,NA,NA,NA,NA
503,Pheno 19,2021-05-26T00:00:00Z,May,22,8,1.5827793605571383,0.42207449614857023,NA,NA,NA,NA,NA,NA,NA,18.954,NA,NA,NA,NA,NA,NA,NA,NA
504,Pheno 20,2021-05-26T00:00:00Z,May,13,11,1.0311493018259936,0.47261009667024706,NA,NA,NA,NA,NA,NA,NA,23.275,NA,NA,NA,NA,NA,NA,NA,NA
505,Pheno 21,2021-05-26T00:00:00Z,May,5,40,2.0580836954036132,1.8294077292476563,NA,NA,NA,NA,NA,NA,NA,21.865,NA,NA,NA,NA,NA,NA,NA,NA
506,Pheno 22,2021-05-26T00:00:00Z,May,6,23,1.1993382961124897,0.9511993382961125,NA,NA,NA,NA,NA,NA,NA,24.18,NA,NA,NA,NA,NA,NA,NA,NA
507,Pheno 23,2021-05-26T00:00:00Z,May,17,27,2.1017434917602102,1.289706233580129,NA,NA,NA,NA,NA,NA,NA,20.935,NA,NA,NA,NA,NA,NA,NA,NA
508,Pheno 24,2021-05-26T00:00:00Z,May,7,34,1.9743812000385246,1.6372917268612155,NA,NA,NA,NA,NA,NA,NA,20.766,NA,NA,NA,NA,NA,NA,NA,NA
509,Pheno 1,2021-06-02T00:00:00Z,June,9,13,1.6838882510524302,0.9950248756218906,NA,NA,NA,NA,NA,NA,NA,13.065,NA,NA,NA,NA,NA,NA,NA,NA
510,Pheno 2,2021-06-02T00:00:00Z,June,7,59,5.030871255431054,4.4972940010671545,NA,NA,NA,NA,NA,NA,NA,13.119,NA,NA,NA,NA,NA,NA,NA,NA
511,Pheno 3,2021-06-02T00:00:00Z,June,11,63,6.143118047484642,5.229951851236925,NA,NA,NA,NA,NA,NA,NA,12.046,NA,NA,NA,NA,NA,NA,NA,NA
512,Pheno 4,2021-06-02T00:00:00Z,June,7,69,4.199127023592464,3.8123653240510524,NA,NA,NA,NA,NA,NA,NA,18.099,NA,NA,NA,NA,NA,NA,NA,NA
513,Pheno 5,2021-06-02T00:00:00Z,June,14,107,8.645944980350125,7.645587709896392,NA,NA,NA,NA,NA,NA,NA,13.995,NA,NA,NA,NA,NA,NA,NA,NA
514,Pheno 6,2021-06-02T00:00:00Z,June,8,150,10.265739718017024,9.745955428497174,NA,NA,NA,NA,NA,NA,NA,15.391,NA,NA,NA,NA,NA,NA,NA,NA
515,Pheno 7,2021-06-02T00:00:00Z,June,6,6,0.7575279338425605,0.3787639669212802,NA,NA,NA,NA,NA,NA,NA,15.841,NA,NA,NA,NA,NA,NA,NA,NA
516,Pheno 8,2021-06-02T00:00:00Z,June,13,67,4.977910522058366,4.169000062223881,NA,NA,NA,NA,NA,NA,NA,16.071,NA,NA,NA,NA,NA,NA,NA,NA
517,Pheno 9,2021-06-02T00:00:00Z,June,12,65,6.341624114643387,5.353319057815846,NA,NA,NA,NA,NA,NA,NA,12.142,NA,NA,NA,NA,NA,NA,NA,NA
518,Pheno 10,2021-06-02T00:00:00Z,June,9,94,5.11724960254372,4.670111287758346,NA,NA,NA,NA,NA,NA,NA,20.128,NA,NA,NA,NA,NA,NA,NA,NA
519,Pheno 11,2021-06-02T00:00:00Z,June,5,10,1.3986013986013985,0.9324009324009325,NA,NA,NA,NA,NA,NA,NA,10.725,NA,NA,NA,NA,NA,NA,NA,NA
520,Pheno 12,2021-06-02T00:00:00Z,June,17,9,1.5474348291870015,0.5356505177955005,NA,NA,NA,NA,NA,NA,NA,16.802,NA,NA,NA,NA,NA,NA,NA,NA
521,Pheno 13,2021-06-02T00:00:00Z,June,7,36,2.7606574216743707,2.311248073959938,NA,NA,NA,NA,NA,NA,NA,15.576,NA,NA,NA,NA,NA,NA,NA,NA
522,Pheno 14,2021-06-02T00:00:00Z,June,8,42,3.703155088135091,3.1106502740334765,NA,NA,NA,NA,NA,NA,NA,13.502,NA,NA,NA,NA,NA,NA,NA,NA
523,Pheno 15,2021-06-02T00:00:00Z,June,16,113,9.190652607580507,8.05072670276432,NA,NA,NA,NA,NA,NA,NA,14.036,NA,NA,NA,NA,NA,NA,NA,NA
524,Pheno 16,2021-06-02T00:00:00Z,June,15,8,1.4388489208633095,0.5004691898654989,NA,NA,NA,NA,NA,NA,NA,15.985,NA,NA,NA,NA,NA,NA,NA,NA
525,Pheno 17,2021-06-02T00:00:00Z,June,10,51,5.783086841107319,4.835039817974971,NA,NA,NA,NA,NA,NA,NA,10.548,NA,NA,NA,NA,NA,NA,NA,NA
526,Pheno 18,2021-06-02T00:00:00Z,June,14,89,10.685755783795,9.233322958813156,NA,NA,NA,NA,NA,NA,NA,9.639,NA,NA,NA,NA,NA,NA,NA,NA
527,Pheno 19,2021-06-02T00:00:00Z,June,2,4,0.584852324787991,0.38990154985866066,NA,NA,NA,NA,NA,NA,NA,10.259,NA,NA,NA,NA,NA,NA,NA,NA
528,Pheno 20,2021-06-02T00:00:00Z,June,9,170,17.42601246105919,16.549844236760123,NA,NA,NA,NA,NA,NA,NA,10.272,NA,NA,NA,NA,NA,NA,NA,NA
529,Pheno 21,2021-06-02T00:00:00Z,June,8,100,6.2101086769018465,5.750100626760969,NA,NA,NA,NA,NA,NA,NA,17.391,NA,NA,NA,NA,NA,NA,NA,NA
530,Pheno 22,2021-06-02T00:00:00Z,June,1,40,4.3812780508655695,4.274417610600556,NA,NA,NA,NA,NA,NA,NA,9.358,NA,NA,NA,NA,NA,NA,NA,NA
531,Pheno 23,2021-06-02T00:00:00Z,June,6,1,0.47460844803037494,0.06780120686148214,NA,NA,NA,NA,NA,NA,NA,14.749,NA,NA,NA,NA,NA,NA,NA,NA
532,Pheno 24,2021-06-02T00:00:00Z,June,5,42,3.507724457049034,3.1345622807672218,NA,NA,NA,NA,NA,NA,NA,13.399,NA,NA,NA,NA,NA,NA,NA,NA
533,Pheno 1,2021-06-11T00:00:00Z,June,2,0,0.19453360568038128,0,NA,NA,NA,NA,NA,NA,NA,10.281,NA,NA,NA,NA,NA,NA,NA,NA
534,Pheno 2,2021-06-11T00:00:00Z,June,0,110,10.343206393982134,10.343206393982134,NA,NA,NA,NA,NA,NA,NA,10.635,NA,NA,NA,NA,NA,NA,NA,NA
535,Pheno 3,2021-06-11T00:00:00Z,June,5,63,9.778544722461893,9.0595340811044,NA,NA,NA,NA,NA,NA,NA,6.954,NA,NA,NA,NA,NA,NA,NA,NA
536,Pheno 4,2021-06-11T00:00:00Z,June,4,48,5.908419497784343,5.45392569026247,NA,NA,NA,NA,NA,NA,NA,8.801,NA,NA,NA,NA,NA,NA,NA,NA
537,Pheno 5,2021-06-11T00:00:00Z,June,0,19,2.0767296972346707,2.0767296972346707,NA,NA,NA,NA,NA,NA,NA,9.149,NA,NA,NA,NA,NA,NA,NA,NA
538,Pheno 6,2021-06-11T00:00:00Z,June,12,99,9.536901795686916,8.505885385342383,NA,NA,NA,NA,NA,NA,NA,11.639,NA,NA,NA,NA,NA,NA,NA,NA
539,Pheno 7,2021-06-11T00:00:00Z,June,4,2,0.5769785556303492,0.19232618521011638,NA,NA,NA,NA,NA,NA,NA,10.399,NA,NA,NA,NA,NA,NA,NA,NA
540,Pheno 8,2021-06-11T00:00:00Z,June,23,39,5.0761421319796955,3.193057147535615,NA,NA,NA,NA,NA,NA,NA,12.214,NA,NA,NA,NA,NA,NA,NA,NA
541,Pheno 9,2021-06-11T00:00:00Z,June,7,10,1.7475328947368423,1.0279605263157896,NA,NA,NA,NA,NA,NA,NA,9.728,NA,NA,NA,NA,NA,NA,NA,NA
542,Pheno 10,2021-06-11T00:00:00Z,June,3,33,3.7476577139287945,3.4353529044347284,NA,NA,NA,NA,NA,NA,NA,9.606,NA,NA,NA,NA,NA,NA,NA,NA
543,Pheno 11,2021-06-11T00:00:00Z,June,6,26,2.8671266015590002,2.3295403637666876,NA,NA,NA,NA,NA,NA,NA,11.161,NA,NA,NA,NA,NA,NA,NA,NA
544,Pheno 12,2021-06-11T00:00:00Z,June,0,9,0.7067692790953354,0.7067692790953354,NA,NA,NA,NA,NA,NA,NA,12.734,NA,NA,NA,NA,NA,NA,NA,NA
545,Pheno 13,2021-06-11T00:00:00Z,June,2,10,1.2399256044637321,1.0332713370531101,NA,NA,NA,NA,NA,NA,NA,9.678,NA,NA,NA,NA,NA,NA,NA,NA
546,Pheno 14,2021-06-11T00:00:00Z,June,0,2,0.2119093028183937,0.2119093028183937,NA,NA,NA,NA,NA,NA,NA,9.438,NA,NA,NA,NA,NA,NA,NA,NA
547,Pheno 15,2021-06-11T00:00:00Z,June,7,34,2.80725778842862,2.327969873331051,NA,NA,NA,NA,NA,NA,NA,14.605,NA,NA,NA,NA,NA,NA,NA,NA
548,Pheno 16,2021-06-11T00:00:00Z,June,10,63,4.895058003084557,4.224502112251056,NA,NA,NA,NA,NA,NA,NA,14.913,NA,NA,NA,NA,NA,NA,NA,NA
549,Pheno 17,2021-06-11T00:00:00Z,June,1,16,1.3707466537655217,1.2901144976616676,NA,NA,NA,NA,NA,NA,NA,12.402,NA,NA,NA,NA,NA,NA,NA,NA
550,Pheno 18,2021-06-11T00:00:00Z,June,8,49,6.827982750359367,5.869669381887877,NA,NA,NA,NA,NA,NA,NA,8.348,NA,NA,NA,NA,NA,NA,NA,NA
551,Pheno 19,2021-06-11T00:00:00Z,June,1,0,0.07787555486332841,0,NA,NA,NA,NA,NA,NA,NA,12.841,NA,NA,NA,NA,NA,NA,NA,NA
552,Pheno 20,2021-06-11T00:00:00Z,June,3,34,3.7693561532192335,3.463732681336593,NA,NA,NA,NA,NA,NA,NA,9.816,NA,NA,NA,NA,NA,NA,NA,NA
553,Pheno 21,2021-06-11T00:00:00Z,June,15,78,7.986946066643765,6.698728959120577,NA,NA,NA,NA,NA,NA,NA,11.644,NA,NA,NA,NA,NA,NA,NA,NA
554,Pheno 22,2021-06-11T00:00:00Z,June,5,19,2.0455126566095627,1.6193641864825705,NA,NA,NA,NA,NA,NA,NA,11.733,NA,NA,NA,NA,NA,NA,NA,NA
555,Pheno 23,2021-06-11T00:00:00Z,June,6,0,0.6222775357809583,0,NA,NA,NA,NA,NA,NA,NA,9.642,NA,NA,NA,NA,NA,NA,NA,NA
556,Pheno 24,2021-06-11T00:00:00Z,June,4,26,3.210272873194221,2.7822364901016585,NA,NA,NA,NA,NA,NA,NA,9.345,NA,NA,NA,NA,NA,NA,NA,NA
557,Pheno 1,2021-06-17T00:00:00Z,June,6,1,0.7253886010362695,0.10362694300518134,NA,NA,NA,NA,NA,NA,NA,9.65,NA,NA,NA,NA,NA,NA,NA,NA
558,Pheno 2,2021-06-17T00:00:00Z,June,0,101,9.549924357034795,9.549924357034795,NA,NA,NA,NA,NA,NA,NA,10.576,NA,NA,NA,NA,NA,NA,NA,NA
559,Pheno 3,2021-06-17T00:00:00Z,June,0,85,6.9105691056910565,6.9105691056910565,NA,NA,NA,NA,NA,NA,NA,12.3,NA,NA,NA,NA,NA,NA,NA,NA
560,Pheno 4,2021-06-17T00:00:00Z,June,3,102,16.664021583875574,16.18790668147913,NA,NA,NA,NA,NA,NA,NA,6.301,NA,NA,NA,NA,NA,NA,NA,NA
561,Pheno 5,2021-06-17T00:00:00Z,June,2,129,9.65507075471698,9.507665094339623,NA,NA,NA,NA,NA,NA,NA,13.568,NA,NA,NA,NA,NA,NA,NA,NA
562,Pheno 6,2021-06-17T00:00:00Z,June,1,12,1.2531328320802004,1.156737998843262,NA,NA,NA,NA,NA,NA,NA,10.374,NA,NA,NA,NA,NA,NA,NA,NA
563,Pheno 7,2021-06-17T00:00:00Z,June,2,7,0.740801712075068,0.5761791093917196,NA,NA,NA,NA,NA,NA,NA,12.149,NA,NA,NA,NA,NA,NA,NA,NA
564,Pheno 8,2021-06-17T00:00:00Z,June,11,24,4.231141199226306,2.9013539651837523,NA,NA,NA,NA,NA,NA,NA,8.272,NA,NA,NA,NA,NA,NA,NA,NA
565,Pheno 9,2021-06-17T00:00:00Z,June,3,98,9.115523465703971,8.844765342960288,NA,NA,NA,NA,NA,NA,NA,11.08,NA,NA,NA,NA,NA,NA,NA,NA
566,Pheno 10,2021-06-17T00:00:00Z,June,3,38,3.742241694048923,3.4684191310697337,NA,NA,NA,NA,NA,NA,NA,10.956,NA,NA,NA,NA,NA,NA,NA,NA
567,Pheno 11,2021-06-17T00:00:00Z,June,5,13,1.004072070061918,0.7251631617113851,NA,NA,NA,NA,NA,NA,NA,17.927,NA,NA,NA,NA,NA,NA,NA,NA
568,Pheno 12,2021-06-17T00:00:00Z,June,4,21,2.0237998866672062,1.6999919048004533,NA,NA,NA,NA,NA,NA,NA,12.353,NA,NA,NA,NA,NA,NA,NA,NA
569,Pheno 13,2021-06-17T00:00:00Z,June,7,6,1.6049382716049383,0.7407407407407408,NA,NA,NA,NA,NA,NA,NA,8.1,NA,NA,NA,NA,NA,NA,NA,NA
570,Pheno 14,2021-06-17T00:00:00Z,June,3,6,0.8061626657112146,0.5374417771408098,NA,NA,NA,NA,NA,NA,NA,11.164,NA,NA,NA,NA,NA,NA,NA,NA
571,Pheno 15,2021-06-17T00:00:00Z,June,5,100,6.745037579495086,6.4238453138048435,NA,NA,NA,NA,NA,NA,NA,15.567,NA,NA,NA,NA,NA,NA,NA,NA
572,Pheno 16,2021-06-17T00:00:00Z,June,21,38,4.032809295967191,2.5974025974025974,NA,NA,NA,NA,NA,NA,NA,14.63,NA,NA,NA,NA,NA,NA,NA,NA
573,Pheno 17,2021-06-17T00:00:00Z,June,15,8,1.4139054527571158,0.49179320095899676,NA,NA,NA,NA,NA,NA,NA,16.267,NA,NA,NA,NA,NA,NA,NA,NA
574,Pheno 18,2021-06-17T00:00:00Z,June,4,42,4.245892560457818,3.8766845117223556,NA,NA,NA,NA,NA,NA,NA,10.834,NA,NA,NA,NA,NA,NA,NA,NA
575,Pheno 19,2021-06-17T00:00:00Z,June,0,0,0,0,NA,NA,NA,NA,NA,NA,NA,13.874,NA,NA,NA,NA,NA,NA,NA,NA
576,Pheno 20,2021-06-17T00:00:00Z,June,2,92,8.25792848985329,8.0822278836862,NA,NA,NA,NA,NA,NA,NA,11.383,NA,NA,NA,NA,NA,NA,NA,NA
577,Pheno 21,2021-06-17T00:00:00Z,June,2,28,5.93941793704217,5.543456741239359,NA,NA,NA,NA,NA,NA,NA,5.051,NA,NA,NA,NA,NA,NA,NA,NA
578,Pheno 22,2021-06-17T00:00:00Z,June,11,98,13.027369427512847,11.712680769690449,NA,NA,NA,NA,NA,NA,NA,8.367,NA,NA,NA,NA,NA,NA,NA,NA
579,Pheno 23,2021-06-17T00:00:00Z,June,4,0,0.4636606004404775,0,NA,NA,NA,NA,NA,NA,NA,8.627,NA,NA,NA,NA,NA,NA,NA,NA
580,Pheno 24,2021-06-17T00:00:00Z,June,4,115,6.869479882237488,6.6385729954395885,NA,NA,NA,NA,NA,NA,NA,17.323,NA,NA,NA,NA,NA,NA,NA,NA
581,Pheno 1,2020-06-24T00:00:00Z,June,8,0,1.1031439602868174,0,NA,NA,NA,NA,NA,NA,NA,7.252,NA,NA,NA,NA,NA,NA,NA,NA
582,Pheno 2,2020-06-24T00:00:00Z,June,2,34,5.033557046979865,4.7539149888143175,NA,NA,NA,NA,NA,NA,NA,7.152,NA,NA,NA,NA,NA,NA,NA,NA
583,Pheno 3,2020-06-24T00:00:00Z,June,3,58,7.655622489959839,7.279116465863454,NA,NA,NA,NA,NA,NA,NA,7.968,NA,NA,NA,NA,NA,NA,NA,NA
584,Pheno 4,2020-06-24T00:00:00Z,June,17,79,15.416733579572828,12.68668700819014,NA,NA,NA,NA,NA,NA,NA,6.227,NA,NA,NA,NA,NA,NA,NA,NA
585,Pheno 5,2020-06-24T00:00:00Z,June,1,37,7.0948469006721435,6.908140403286034,NA,NA,NA,NA,NA,NA,NA,5.356,NA,NA,NA,NA,NA,NA,NA,NA
586,Pheno 6,2020-06-24T00:00:00Z,June,11,97,12.73134504302723,11.434633973830012,NA,NA,NA,NA,NA,NA,NA,8.483,NA,NA,NA,NA,NA,NA,NA,NA
587,Pheno 7,2020-06-24T00:00:00Z,June,1,2,0.39021852237252863,0.2601456815816858,NA,NA,NA,NA,NA,NA,NA,7.688,NA,NA,NA,NA,NA,NA,NA,NA
588,Pheno 8,2020-06-24T00:00:00Z,June,9,51,3.452839960867814,2.934913966737642,NA,NA,NA,NA,NA,NA,NA,17.377,NA,NA,NA,NA,NA,NA,NA,NA
589,Pheno 9,2020-06-24T00:00:00Z,June,0,5,0.48828125,0.48828125,NA,NA,NA,NA,NA,NA,NA,10.24,NA,NA,NA,NA,NA,NA,NA,NA
590,Pheno 10,2020-06-24T00:00:00Z,June,33,25,3.9986211651154773,1.723543605653223,NA,NA,NA,NA,NA,NA,NA,14.505,NA,NA,NA,NA,NA,NA,NA,NA
591,Pheno 11,2020-06-24T00:00:00Z,June,7,47,7.465781833264206,6.497995299322549,NA,NA,NA,NA,NA,NA,NA,7.233,NA,NA,NA,NA,NA,NA,NA,NA
592,Pheno 12,2020-06-24T00:00:00Z,June,20,26,2.3789822093504345,1.3446421183285064,NA,NA,NA,NA,NA,NA,NA,19.336,NA,NA,NA,NA,NA,NA,NA,NA
593,Pheno 13,2020-06-24T00:00:00Z,June,38,11,3.6499068901303535,0.8193668528864059,NA,NA,NA,NA,NA,NA,NA,13.425,NA,NA,NA,NA,NA,NA,NA,NA
594,Pheno 14,2020-06-24T00:00:00Z,June,88,3,10.970464135021096,0.3616636528028933,NA,NA,NA,NA,NA,NA,NA,8.295,NA,NA,NA,NA,NA,NA,NA,NA
595,Pheno 15,2020-06-24T00:00:00Z,June,19,100,8.95477462563022,7.525020693806908,NA,NA,NA,NA,NA,NA,NA,13.289,NA,NA,NA,NA,NA,NA,NA,NA
596,Pheno 16,2020-06-24T00:00:00Z,June,31,123,10.966317738374991,8.758812219611194,NA,NA,NA,NA,NA,NA,NA,14.043,NA,NA,NA,NA,NA,NA,NA,NA
597,Pheno 17,2020-06-24T00:00:00Z,June,24,46,9.411132024737833,6.184458187684862,NA,NA,NA,NA,NA,NA,NA,7.438,NA,NA,NA,NA,NA,NA,NA,NA
598,Pheno 18,2020-06-24T00:00:00Z,June,12,70,7.257279405257103,6.195238516682893,NA,NA,NA,NA,NA,NA,NA,11.299,NA,NA,NA,NA,NA,NA,NA,NA
599,Pheno 19,2020-06-24T00:00:00Z,June,4,1,0.4088307440719542,0.08176614881439084,NA,NA,NA,NA,NA,NA,NA,12.23,NA,NA,NA,NA,NA,NA,NA,NA
600,Pheno 20,2020-06-24T00:00:00Z,June,5,82,7.765777024011426,7.319467999642953,NA,NA,NA,NA,NA,NA,NA,11.203,NA,NA,NA,NA,NA,NA,NA,NA
601,Pheno 21,2020-06-24T00:00:00Z,June,5,29,8.165225744476466,6.964457252641691,NA,NA,NA,NA,NA,NA,NA,4.164,NA,NA,NA,NA,NA,NA,NA,NA
602,Pheno 22,2020-06-24T00:00:00Z,June,3,74,25.787006028131277,24.78231748158071,NA,NA,NA,NA,NA,NA,NA,2.986,NA,NA,NA,NA,NA,NA,NA,NA
603,Pheno 23,2020-06-24T00:00:00Z,June,17,64,11.036926011718217,8.720534132715628,NA,NA,NA,NA,NA,NA,NA,7.339,NA,NA,NA,NA,NA,NA,NA,NA
604,Pheno 24,2020-06-24T00:00:00Z,June,22,33,9.035649745358961,5.421389847215377,NA,NA,NA,NA,NA,NA,NA,6.087,NA,NA,NA,NA,NA,NA,NA,NA
605,Pheno 1,2020-06-30T00:00:00Z,June,18,6,0.7128007128007128,0.1782001782001782,NA,NA,NA,NA,NA,NA,NA,33.67,NA,NA,NA,NA,NA,NA,NA,NA
606,Pheno 2,2020-06-30T00:00:00Z,June,7,34,7.441016333938294,6.170598911070781,NA,NA,NA,NA,NA,NA,NA,5.51,NA,NA,NA,NA,NA,NA,NA,NA
607,Pheno 3,2020-06-30T00:00:00Z,June,5,113,31.79735920237133,30.45001347345729,NA,NA,NA,NA,NA,NA,NA,3.711,NA,NA,NA,NA,NA,NA,NA,NA
608,Pheno 4,2020-06-30T00:00:00Z,June,13,167,26.698309107089884,24.77009789380006,NA,NA,NA,NA,NA,NA,NA,6.742,NA,NA,NA,NA,NA,NA,NA,NA
609,Pheno 5,2020-06-30T00:00:00Z,June,7,55,18.33776989056492,16.26737651582372,NA,NA,NA,NA,NA,NA,NA,3.381,NA,NA,NA,NA,NA,NA,NA,NA
610,Pheno 6,2020-06-30T00:00:00Z,June,11,115,21.42857142857143,19.5578231292517,NA,NA,NA,NA,NA,NA,NA,5.88,NA,NA,NA,NA,NA,NA,NA,NA
611,Pheno 7,2020-06-30T00:00:00Z,June,1,4,0.9801999607920016,0.7841599686336013,NA,NA,NA,NA,NA,NA,NA,5.101,NA,NA,NA,NA,NA,NA,NA,NA
612,Pheno 8,2020-06-30T00:00:00Z,June,6,6,2.785515320334262,1.392757660167131,NA,NA,NA,NA,NA,NA,NA,4.308,NA,NA,NA,NA,NA,NA,NA,NA
613,Pheno 9,2020-06-30T00:00:00Z,June,13,17,7.471980074719801,4.2341220423412205,NA,NA,NA,NA,NA,NA,NA,4.015,NA,NA,NA,NA,NA,NA,NA,NA
614,Pheno 10,2020-06-30T00:00:00Z,June,5,66,16.93298354400191,15.74051991414262,NA,NA,NA,NA,NA,NA,NA,4.193,NA,NA,NA,NA,NA,NA,NA,NA
615,Pheno 11,2020-06-30T00:00:00Z,June,0,20,2.663115845539281,2.663115845539281,NA,NA,NA,NA,NA,NA,NA,7.51,NA,NA,NA,NA,NA,NA,NA,NA
616,Pheno 12,2020-06-30T00:00:00Z,June,3,4,0.9380863039399625,0.5360493165371214,NA,NA,NA,NA,NA,NA,NA,7.462,NA,NA,NA,NA,NA,NA,NA,NA
617,Pheno 13,2020-06-30T00:00:00Z,June,14,4,5.9661915810407695,1.3258203513423932,NA,NA,NA,NA,NA,NA,NA,3.017,NA,NA,NA,NA,NA,NA,NA,NA
618,Pheno 14,2020-06-30T00:00:00Z,June,7,4,3.296373988612526,1.1986814504045549,NA,NA,NA,NA,NA,NA,NA,3.337,NA,NA,NA,NA,NA,NA,NA,NA
619,Pheno 15,2020-06-30T00:00:00Z,June,7,57,9.788926277148974,8.718262465585806,NA,NA,NA,NA,NA,NA,NA,6.538,NA,NA,NA,NA,NA,NA,NA,NA
620,Pheno 16,2020-06-30T00:00:00Z,June,48,90,24.291497975708502,15.842281288505545,NA,NA,NA,NA,NA,NA,NA,5.681,NA,NA,NA,NA,NA,NA,NA,NA
621,Pheno 17,2020-06-30T00:00:00Z,June,24,33,9.859885832900883,5.708354955889985,NA,NA,NA,NA,NA,NA,NA,5.781,NA,NA,NA,NA,NA,NA,NA,NA
622,Pheno 18,2020-06-30T00:00:00Z,June,2,110,35.79418344519016,35.155001597954616,NA,NA,NA,NA,NA,NA,NA,3.129,NA,NA,NA,NA,NA,NA,NA,NA
623,Pheno 19,2020-06-30T00:00:00Z,June,4,1,0.7688759034291865,0.15377518068583731,NA,NA,NA,NA,NA,NA,NA,6.503,NA,NA,NA,NA,NA,NA,NA,NA
624,Pheno 20,2020-06-30T00:00:00Z,June,2,62,12.869495274482205,12.467323547154635,NA,NA,NA,NA,NA,NA,NA,4.973,NA,NA,NA,NA,NA,NA,NA,NA
625,Pheno 21,2020-06-30T00:00:00Z,June,10,32,21.61605764282038,16.46937725167267,NA,NA,NA,NA,NA,NA,NA,1.943,NA,NA,NA,NA,NA,NA,NA,NA
626,Pheno 22,2020-06-30T00:00:00Z,June,2,42,20.71563088512241,19.774011299435028,NA,NA,NA,NA,NA,NA,NA,2.124,NA,NA,NA,NA,NA,NA,NA,NA
627,Pheno 23,2020-06-30T00:00:00Z,June,6,3,5.369928400954654,1.7899761336515514,NA,NA,NA,NA,NA,NA,NA,1.676,NA,NA,NA,NA,NA,NA,NA,NA
628,Pheno 24,2020-06-30T00:00:00Z,June,8,103,18.350140519094065,17.027607869069268,NA,NA,NA,NA,NA,NA,NA,6.049,NA,NA,NA,NA,NA,NA,NA,NA
629,Pheno 1,2021-07-09T00:00:00Z,July,4,1,0.9769441187964047,0.19538882375928096,NA,NA,NA,NA,NA,NA,NA,5.118,NA,NA,NA,NA,NA,NA,NA,NA
630,Pheno 2,2021-07-09T00:00:00Z,July,9,49,6.889179237439126,5.820168666112364,NA,NA,NA,NA,NA,NA,NA,8.419,NA,NA,NA,NA,NA,NA,NA,NA
631,Pheno 3,2021-07-09T00:00:00Z,July,3,123,27.540983606557376,26.885245901639344,NA,NA,NA,NA,NA,NA,NA,4.575,NA,NA,NA,NA,NA,NA,NA,NA
632,Pheno 4,2021-07-09T00:00:00Z,July,0,48,7.758202683045094,7.758202683045094,NA,NA,NA,NA,NA,NA,NA,6.187,NA,NA,NA,NA,NA,NA,NA,NA
633,Pheno 5,2021-07-09T00:00:00Z,July,0,19,6.778451658936853,6.778451658936853,NA,NA,NA,NA,NA,NA,NA,2.803,NA,NA,NA,NA,NA,NA,NA,NA
634,Pheno 6,2021-07-09T00:00:00Z,July,1,31,7.3563218390804606,7.126436781609196,NA,NA,NA,NA,NA,NA,NA,4.35,NA,NA,NA,NA,NA,NA,NA,NA
635,Pheno 7,2021-07-09T00:00:00Z,July,3,10,3.1160115052732507,2.3969319271332696,NA,NA,NA,NA,NA,NA,NA,4.172,NA,NA,NA,NA,NA,NA,NA,NA
636,Pheno 8,2021-07-09T00:00:00Z,July,5,71,37.38317757009346,34.923757993113625,NA,NA,NA,NA,NA,NA,NA,2.033,NA,NA,NA,NA,NA,NA,NA,NA
637,Pheno 9,2021-07-09T00:00:00Z,July,3,30,9.202453987730062,8.365867261572783,NA,NA,NA,NA,NA,NA,NA,3.586,NA,NA,NA,NA,NA,NA,NA,NA
638,Pheno 10,2021-07-09T00:00:00Z,July,4,47,11.846689895470384,10.91753774680604,NA,NA,NA,NA,NA,NA,NA,4.305,NA,NA,NA,NA,NA,NA,NA,NA
639,Pheno 11,2021-07-09T00:00:00Z,July,6,16,4.888888888888889,3.5555555555555554,NA,NA,NA,NA,NA,NA,NA,4.5,NA,NA,NA,NA,NA,NA,NA,NA
640,Pheno 12,2021-07-09T00:00:00Z,July,4,1,0.8838607035531201,0.176772140710624,NA,NA,NA,NA,NA,NA,NA,5.657,NA,NA,NA,NA,NA,NA,NA,NA
641,Pheno 13,2021-07-09T00:00:00Z,July,10,11,5.033557046979866,2.6366251198465966,NA,NA,NA,NA,NA,NA,NA,4.172,NA,NA,NA,NA,NA,NA,NA,NA
642,Pheno 14,2021-07-09T00:00:00Z,July,12,10,8.148148148148147,3.7037037037037033,NA,NA,NA,NA,NA,NA,NA,2.7,NA,NA,NA,NA,NA,NA,NA,NA
643,Pheno 15,2021-07-09T00:00:00Z,July,3,42,14.619883040935672,13.645224171539962,NA,NA,NA,NA,NA,NA,NA,3.078,NA,NA,NA,NA,NA,NA,NA,NA
644,Pheno 16,2021-07-09T00:00:00Z,July,13,17,5.63063063063063,3.1906906906906904,NA,NA,NA,NA,NA,NA,NA,5.328,NA,NA,NA,NA,NA,NA,NA,NA
645,Pheno 17,2021-07-09T00:00:00Z,July,13,34,12.994194083494609,9.40005529444291,NA,NA,NA,NA,NA,NA,NA,3.617,NA,NA,NA,NA,NA,NA,NA,NA
646,Pheno 18,2021-07-09T00:00:00Z,July,9,93,26.241317211216877,23.92590686905068,NA,NA,NA,NA,NA,NA,NA,3.887,NA,NA,NA,NA,NA,NA,NA,NA
647,Pheno 19,2021-07-09T00:00:00Z,July,2,0,0.36277888626881916,0,NA,NA,NA,NA,NA,NA,NA,5.513,NA,NA,NA,NA,NA,NA,NA,NA
648,Pheno 20,2021-07-09T00:00:00Z,July,3,49,24.679639297579495,23.25581395348837,NA,NA,NA,NA,NA,NA,NA,2.107,NA,NA,NA,NA,NA,NA,NA,NA
649,Pheno 21,2021-07-09T00:00:00Z,July,2,69,27.50871755133669,26.73382409918636,NA,NA,NA,NA,NA,NA,NA,2.581,NA,NA,NA,NA,NA,NA,NA,NA
650,Pheno 22,2021-07-09T00:00:00Z,July,3,37,16.750418760469014,15.494137353433837,NA,NA,NA,NA,NA,NA,NA,2.388,NA,NA,NA,NA,NA,NA,NA,NA
651,Pheno 23,2021-07-09T00:00:00Z,July,4,1,1.7711654268508679,0.35423308537017356,NA,NA,NA,NA,NA,NA,NA,2.823,NA,NA,NA,NA,NA,NA,NA,NA
652,Pheno 24,2021-07-09T00:00:00Z,July,1,6,1.6513328615239444,1.4154281670205238,NA,NA,NA,NA,NA,NA,NA,4.239,NA,NA,NA,NA,NA,NA,NA,NA
653,Pheno 1,2021-07-14T00:00:00Z,July,0,0,0,0,NA,NA,NA,NA,NA,NA,NA,4.329,NA,NA,NA,NA,NA,NA,NA,NA
654,Pheno 2,2021-07-14T00:00:00Z,July,10,13,4.612916165262736,2.6073004412354592,NA,NA,NA,NA,NA,NA,NA,4.986,NA,NA,NA,NA,NA,NA,NA,NA
655,Pheno 3,2021-07-14T00:00:00Z,July,5,11,3.7905709547500592,2.6060175313906657,NA,NA,NA,NA,NA,NA,NA,4.221,NA,NA,NA,NA,NA,NA,NA,NA
656,Pheno 4,2021-07-14T00:00:00Z,July,6,45,6.904020576688778,6.091782861784216,NA,NA,NA,NA,NA,NA,NA,7.387,NA,NA,NA,NA,NA,NA,NA,NA
657,Pheno 5,2021-07-14T00:00:00Z,July,5,33,4.920367732746342,4.272950925806034,NA,NA,NA,NA,NA,NA,NA,7.723,NA,NA,NA,NA,NA,NA,NA,NA
658,Pheno 6,2021-07-14T00:00:00Z,July,4,56,10.869565217391305,10.144927536231885,NA,NA,NA,NA,NA,NA,NA,5.52,NA,NA,NA,NA,NA,NA,NA,NA
659,Pheno 7,2021-07-14T00:00:00Z,July,3,2,0.794912559618442,0.3179650238473768,NA,NA,NA,NA,NA,NA,NA,6.29,NA,NA,NA,NA,NA,NA,NA,NA
660,Pheno 8,2021-07-14T00:00:00Z,July,4,70,14.535454724022784,13.749754468670202,NA,NA,NA,NA,NA,NA,NA,5.091,NA,NA,NA,NA,NA,NA,NA,NA
661,Pheno 9,2021-07-14T00:00:00Z,July,4,40,10.64087061668682,9.673518742442564,NA,NA,NA,NA,NA,NA,NA,4.135,NA,NA,NA,NA,NA,NA,NA,NA
662,Pheno 10,2021-07-14T00:00:00Z,July,10,65,15.225334957369062,13.19529029638652,NA,NA,NA,NA,NA,NA,NA,4.926,NA,NA,NA,NA,NA,NA,NA,NA
663,Pheno 11,2021-07-14T00:00:00Z,July,0,1,0.165809981760902,0.165809981760902,NA,NA,NA,NA,NA,NA,NA,6.031,NA,NA,NA,NA,NA,NA,NA,NA
664,Pheno 12,2021-07-14T00:00:00Z,July,13,10,2.781472971338735,1.2093360744951023,NA,NA,NA,NA,NA,NA,NA,8.269,NA,NA,NA,NA,NA,NA,NA,NA
665,Pheno 13,2021-07-14T00:00:00Z,July,4,0,0.4631237698274864,0,NA,NA,NA,NA,NA,NA,NA,8.637,NA,NA,NA,NA,NA,NA,NA,NA
666,Pheno 14,2021-07-14T00:00:00Z,July,3,2,0.9288500835965076,0.37154003343860303,NA,NA,NA,NA,NA,NA,NA,5.383,NA,NA,NA,NA,NA,NA,NA,NA
667,Pheno 15,2021-07-14T00:00:00Z,July,10,22,5.9292199370020375,4.076338706688901,NA,NA,NA,NA,NA,NA,NA,5.397,NA,NA,NA,NA,NA,NA,NA,NA
668,Pheno 16,2021-07-14T00:00:00Z,July,NA,NA,NA,NA,NA,NA,NA,NA,NA,NA,NA,6.195,NA,NA,NA,NA,NA,NA,NA,NA
669,Pheno 17,2021-07-14T00:00:00Z,July,NA,NA,NA,NA,NA,NA,NA,NA,NA,NA,NA,5.47,NA,NA,NA,NA,NA,NA,NA,NA
670,Pheno 18,2021-07-14T00:00:00Z,July,NA,NA,NA,NA,NA,NA,NA,NA,NA,NA,NA,4.363,NA,NA,NA,NA,NA,NA,NA,NA
671,Pheno 19,2021-07-14T00:00:00Z,July,NA,NA,NA,NA,NA,NA,NA,NA,NA,NA,NA,7.168,NA,NA,NA,NA,NA,NA,NA,NA
672,Pheno 20,2021-07-14T00:00:00Z,July,NA,NA,NA,NA,NA,NA,NA,NA,NA,NA,NA,3.86,NA,NA,NA,NA,NA,NA,NA,NA
673,Pheno 21,2021-07-14T00:00:00Z,July,NA,NA,NA,NA,NA,NA,NA,NA,NA,NA,NA,7.596,NA,NA,NA,NA,NA,NA,NA,NA
674,Pheno 22,2021-07-14T00:00:00Z,July,NA,NA,NA,NA,NA,NA,NA,NA,NA,NA,NA,6.535,NA,NA,NA,NA,NA,NA,NA,NA
675,Pheno 23,2021-07-14T00:00:00Z,July,NA,NA,NA,NA,NA,NA,NA,NA,NA,NA,NA,3.72,NA,NA,NA,NA,NA,NA,NA,NA
676,Pheno 24,2021-07-14T00:00:00Z,July,NA,NA,NA,NA,NA,NA,NA,NA,NA,NA,NA,5.691,NA,NA,NA,NA,NA,NA,NA,NA
677,Pheno 1,2021-07-21T00:00:00Z,July,NA,NA,NA,NA,NA,NA,NA,NA,NA,NA,NA,6.716,NA,NA,NA,NA,NA,NA,NA,NA
678,Pheno 2,2021-07-21T00:00:00Z,July,NA,NA,NA,NA,NA,NA,NA,NA,NA,NA,NA,12.687,NA,NA,NA,NA,NA,NA,NA,NA
679,Pheno 3,2021-07-21T00:00:00Z,July,NA,NA,NA,NA,NA,NA,NA,NA,NA,NA,NA,15.287,NA,NA,NA,NA,NA,NA,NA,NA
680,Pheno 4,2021-07-21T00:00:00Z,July,NA,NA,NA,NA,NA,NA,NA,NA,NA,NA,NA,17.002,NA,NA,NA,NA,NA,NA,NA,NA
681,Pheno 5,2021-07-21T00:00:00Z,July,NA,NA,NA,NA,NA,NA,NA,NA,NA,NA,NA,13.518,NA,NA,NA,NA,NA,NA,NA,NA
682,Pheno 6,2021-07-21T00:00:00Z,July,NA,NA,NA,NA,NA,NA,NA,NA,NA,NA,NA,6.275,NA,NA,NA,NA,NA,NA,NA,NA
683,Pheno 7,2021-07-21T00:00:00Z,July,NA,NA,NA,NA,NA,NA,NA,NA,NA,NA,NA,6.378,NA,NA,NA,NA,NA,NA,NA,NA
684,Pheno 8,2021-07-21T00:00:00Z,July,NA,NA,NA,NA,NA,NA,NA,NA,NA,NA,NA,9.625,NA,NA,NA,NA,NA,NA,NA,NA
685,Pheno 9,2021-07-21T00:00:00Z,July,NA,NA,NA,NA,NA,NA,NA,NA,NA,NA,NA,15.278,NA,NA,NA,NA,NA,NA,NA,NA
686,Pheno 10,2021-07-21T00:00:00Z,July,NA,NA,NA,NA,NA,NA,NA,NA,NA,NA,NA,11.034,NA,NA,NA,NA,NA,NA,NA,NA
687,Pheno 11,2021-07-21T00:00:00Z,July,NA,NA,NA,NA,NA,NA,NA,NA,NA,NA,NA,7.387,NA,NA,NA,NA,NA,NA,NA,NA
688,Pheno 12,2021-07-21T00:00:00Z,July,NA,NA,NA,NA,NA,NA,NA,NA,NA,NA,NA,8.761,NA,NA,NA,NA,NA,NA,NA,NA
689,Pheno 13,2021-07-21T00:00:00Z,July,NA,NA,NA,NA,NA,NA,NA,NA,NA,NA,NA,8.227,NA,NA,NA,NA,NA,NA,NA,NA
690,Pheno 14,2021-07-21T00:00:00Z,July,NA,NA,NA,NA,NA,NA,NA,NA,NA,NA,NA,13.039,NA,NA,NA,NA,NA,NA,NA,NA
691,Pheno 15,2021-07-21T00:00:00Z,July,NA,NA,NA,NA,NA,NA,NA,NA,NA,NA,NA,22.07,NA,NA,NA,NA,NA,NA,NA,NA
692,Pheno 16,2021-07-21T00:00:00Z,July,NA,NA,NA,NA,NA,NA,NA,NA,NA,NA,NA,21.781,NA,NA,NA,NA,NA,NA,NA,NA
693,Pheno 17,2021-07-21T00:00:00Z,July,NA,NA,NA,NA,NA,NA,NA,NA,NA,NA,NA,8.685,NA,NA,NA,NA,NA,NA,NA,NA
694,Pheno 18,2021-07-21T00:00:00Z,July,NA,NA,NA,NA,NA,NA,NA,NA,NA,NA,NA,5.562,NA,NA,NA,NA,NA,NA,NA,NA
695,Pheno 19,2021-07-21T00:00:00Z,July,NA,NA,NA,NA,NA,NA,NA,NA,NA,NA,NA,7.777,NA,NA,NA,NA,NA,NA,NA,NA
696,Pheno 20,2021-07-21T00:00:00Z,July,NA,NA,NA,NA,NA,NA,NA,NA,NA,NA,NA,9.419,NA,NA,NA,NA,NA,NA,NA,NA
697,Pheno 21,2021-07-21T00:00:00Z,July,NA,NA,NA,NA,NA,NA,NA,NA,NA,NA,NA,17.087,NA,NA,NA,NA,NA,NA,NA,NA
698,Pheno 22,2021-07-21T00:00:00Z,July,NA,NA,NA,NA,NA,NA,NA,NA,NA,NA,NA,28.683,NA,NA,NA,NA,NA,NA,NA,NA
699,Pheno 23,2021-07-21T00:00:00Z,July,NA,NA,NA,NA,NA,NA,NA,NA,NA,NA,NA,7.04,NA,NA,NA,NA,NA,NA,NA,NA
700,Pheno 24,2021-07-21T00:00:00Z,July,NA,NA,NA,NA,NA,NA,NA,NA,NA,NA,NA,5.066,NA,NA,NA,NA,NA,NA,NA,NA
701,Pheno 1,2021-07-29T00:00:00Z,July,NA,NA,NA,NA,NA,NA,NA,NA,NA,NA,NA,6.595,NA,NA,NA,NA,NA,NA,NA,NA
702,Pheno 2,2021-07-29T00:00:00Z,July,NA,NA,NA,NA,NA,NA,NA,NA,NA,NA,NA,8.34,NA,NA,NA,NA,NA,NA,NA,NA
703,Pheno 3,2021-07-29T00:00:00Z,July,NA,NA,NA,NA,NA,NA,NA,NA,NA,NA,NA,7.86,NA,NA,NA,NA,NA,NA,NA,NA
704,Pheno 4,2021-07-29T00:00:00Z,July,NA,NA,NA,NA,NA,NA,NA,NA,NA,NA,NA,10.903,NA,NA,NA,NA,NA,NA,NA,NA
705,Pheno 5,2021-07-29T00:00:00Z,July,NA,NA,NA,NA,NA,NA,NA,NA,NA,NA,NA,8.859,NA,NA,NA,NA,NA,NA,NA,NA
706,Pheno 6,2021-07-29T00:00:00Z,July,NA,NA,NA,NA,NA,NA,NA,NA,NA,NA,NA,6.708,NA,NA,NA,NA,NA,NA,NA,NA
707,Pheno 7,2021-07-29T00:00:00Z,July,NA,NA,NA,NA,NA,NA,NA,NA,NA,NA,NA,7.316,NA,NA,NA,NA,NA,NA,NA,NA
708,Pheno 8,2021-07-29T00:00:00Z,July,NA,NA,NA,NA,NA,NA,NA,NA,NA,NA,NA,5.781,NA,NA,NA,NA,NA,NA,NA,NA
709,Pheno 9,2021-07-29T00:00:00Z,July,NA,NA,NA,NA,NA,NA,NA,NA,NA,NA,NA,4.558,NA,NA,NA,NA,NA,NA,NA,NA
710,Pheno 10,2021-07-29T00:00:00Z,July,NA,NA,NA,NA,NA,NA,NA,NA,NA,NA,NA,4.821,NA,NA,NA,NA,NA,NA,NA,NA
711,Pheno 11,2021-07-29T00:00:00Z,July,NA,NA,NA,NA,NA,NA,NA,NA,NA,NA,NA,5.722,NA,NA,NA,NA,NA,NA,NA,NA
712,Pheno 12,2021-07-29T00:00:00Z,July,NA,NA,NA,NA,NA,NA,NA,NA,NA,NA,NA,9.319,NA,NA,NA,NA,NA,NA,NA,NA
713,Pheno 13,2021-07-29T00:00:00Z,July,NA,NA,NA,NA,NA,NA,NA,NA,NA,NA,NA,8.87,NA,NA,NA,NA,NA,NA,NA,NA
714,Pheno 14,2021-07-29T00:00:00Z,July,NA,NA,NA,NA,NA,NA,NA,NA,NA,NA,NA,9.305,NA,NA,NA,NA,NA,NA,NA,NA
715,Pheno 15,2021-07-29T00:00:00Z,July,NA,NA,NA,NA,NA,NA,NA,NA,NA,NA,NA,9.508,NA,NA,NA,NA,NA,NA,NA,NA
716,Pheno 16,2021-07-29T00:00:00Z,July,NA,NA,NA,NA,NA,NA,NA,NA,NA,NA,NA,7.655,NA,NA,NA,NA,NA,NA,NA,NA
717,Pheno 17,2021-07-29T00:00:00Z,July,NA,NA,NA,NA,NA,NA,NA,NA,NA,NA,NA,10.594,NA,NA,NA,NA,NA,NA,NA,NA
718,Pheno 18,2021-07-29T00:00:00Z,July,NA,NA,NA,NA,NA,NA,NA,NA,NA,NA,NA,6.234,NA,NA,NA,NA,NA,NA,NA,NA
719,Pheno 19,2021-07-29T00:00:00Z,July,NA,NA,NA,NA,NA,NA,NA,NA,NA,NA,NA,9.659,NA,NA,NA,NA,NA,NA,NA,NA
720,Pheno 20,2021-07-29T00:00:00Z,July,NA,NA,NA,NA,NA,NA,NA,NA,NA,NA,NA,5.4,NA,NA,NA,NA,NA,NA,NA,NA
721,Pheno 21,2021-07-29T00:00:00Z,July,NA,NA,NA,NA,NA,NA,NA,NA,NA,NA,NA,9.618,NA,NA,NA,NA,NA,NA,NA,NA
722,Pheno 22,2021-07-29T00:00:00Z,July,NA,NA,NA,NA,NA,NA,NA,NA,NA,NA,NA,6.306,NA,NA,NA,NA,NA,NA,NA,NA
723,Pheno 23,2021-07-29T00:00:00Z,July,NA,NA,NA,NA,NA,NA,NA,NA,NA,NA,NA,6.835,NA,NA,NA,NA,NA,NA,NA,NA
724,Pheno 24,2021-07-29T00:00:00Z,July,NA,NA,NA,NA,NA,NA,NA,NA,NA,NA,NA,7.925,NA,NA,NA,NA,NA,NA,NA,NA
725,Pheno 1,2021-08-04T00:00:00Z,August,NA,NA,NA,NA,NA,NA,NA,NA,NA,NA,NA,9.182,NA,NA,NA,NA,NA,NA,NA,NA
726,Pheno 2,2021-08-04T00:00:00Z,August,NA,NA,NA,NA,NA,NA,NA,NA,NA,NA,NA,7.873,NA,NA,NA,NA,NA,NA,NA,NA
727,Pheno 3,2021-08-04T00:00:00Z,August,NA,NA,NA,NA,NA,NA,NA,NA,NA,NA,NA,6.783,NA,NA,NA,NA,NA,NA,NA,NA
728,Pheno 4,2021-08-04T00:00:00Z,August,NA,NA,NA,NA,NA,NA,NA,NA,NA,NA,NA,5.543,NA,NA,NA,NA,NA,NA,NA,NA
729,Pheno 5,2021-08-04T00:00:00Z,August,NA,NA,NA,NA,NA,NA,NA,NA,NA,NA,NA,8.317,NA,NA,NA,NA,NA,NA,NA,NA
730,Pheno 6,2021-08-04T00:00:00Z,August,NA,NA,NA,NA,NA,NA,NA,NA,NA,NA,NA,8.02,NA,NA,NA,NA,NA,NA,NA,NA
731,Pheno 7,2021-08-04T00:00:00Z,August,NA,NA,NA,NA,NA,NA,NA,NA,NA,NA,NA,5.321,NA,NA,NA,NA,NA,NA,NA,NA
732,Pheno 8,2021-08-04T00:00:00Z,August,NA,NA,NA,NA,NA,NA,NA,NA,NA,NA,NA,6.992,NA,NA,NA,NA,NA,NA,NA,NA
733,Pheno 9,2021-08-04T00:00:00Z,August,NA,NA,NA,NA,NA,NA,NA,NA,NA,NA,NA,5.383,NA,NA,NA,NA,NA,NA,NA,NA
734,Pheno 10,2021-08-04T00:00:00Z,August,NA,NA,NA,NA,NA,NA,NA,NA,NA,NA,NA,7.327,NA,NA,NA,NA,NA,NA,NA,NA
735,Pheno 11,2021-08-04T00:00:00Z,August,NA,NA,NA,NA,NA,NA,NA,NA,NA,NA,NA,4.696,NA,NA,NA,NA,NA,NA,NA,NA
736,Pheno 12,2021-08-04T00:00:00Z,August,NA,NA,NA,NA,NA,NA,NA,NA,NA,NA,NA,5.941,NA,NA,NA,NA,NA,NA,NA,NA
737,Pheno 13,2021-08-04T00:00:00Z,August,NA,NA,NA,NA,NA,NA,NA,NA,NA,NA,NA,6.803,NA,NA,NA,NA,NA,NA,NA,NA
738,Pheno 14,2021-08-04T00:00:00Z,August,NA,NA,NA,NA,NA,NA,NA,NA,NA,NA,NA,6.843,NA,NA,NA,NA,NA,NA,NA,NA
739,Pheno 15,2021-08-04T00:00:00Z,August,NA,NA,NA,NA,NA,NA,NA,NA,NA,NA,NA,7.428,NA,NA,NA,NA,NA,NA,NA,NA
740,Pheno 16,2021-08-04T00:00:00Z,August,NA,NA,NA,NA,NA,NA,NA,NA,NA,NA,NA,6.515,NA,NA,NA,NA,NA,NA,NA,NA
741,Pheno 17,2021-08-04T00:00:00Z,August,NA,NA,NA,NA,NA,NA,NA,NA,NA,NA,NA,6.713,NA,NA,NA,NA,NA,NA,NA,NA
742,Pheno 18,2021-08-04T00:00:00Z,August,NA,NA,NA,NA,NA,NA,NA,NA,NA,NA,NA,7.114,NA,NA,NA,NA,NA,NA,NA,NA
743,Pheno 19,2021-08-04T00:00:00Z,August,NA,NA,NA,NA,NA,NA,NA,NA,NA,NA,NA,8.356,NA,NA,NA,NA,NA,NA,NA,NA
744,Pheno 20,2021-08-04T00:00:00Z,August,NA,NA,NA,NA,NA,NA,NA,NA,NA,NA,NA,6.385,NA,NA,NA,NA,NA,NA,NA,NA
745,Pheno 21,2021-08-04T00:00:00Z,August,NA,NA,NA,NA,NA,NA,NA,NA,NA,NA,NA,3.791,NA,NA,NA,NA,NA,NA,NA,NA
746,Pheno 22,2021-08-04T00:00:00Z,August,NA,NA,NA,NA,NA,NA,NA,NA,NA,NA,NA,8.213,NA,NA,NA,NA,NA,NA,NA,NA
747,Pheno 23,2021-08-04T00:00:00Z,August,NA,NA,NA,NA,NA,NA,NA,NA,NA,NA,NA,6.168,NA,NA,NA,NA,NA,NA,NA,NA
748,Pheno 24,2021-08-04T00:00:00Z,August,NA,NA,NA,NA,NA,NA,NA,NA,NA,NA,NA,4.561,NA,NA,NA,NA,NA,NA,NA,NA
749,Pheno 1,2021-08-11T00:00:00Z,August,NA,NA,NA,NA,NA,NA,NA,NA,NA,NA,NA,4.573,NA,NA,NA,NA,NA,NA,NA,NA
750,Pheno 2,2021-08-11T00:00:00Z,August,NA,NA,NA,NA,NA,NA,NA,NA,NA,NA,NA,8.321,NA,NA,NA,NA,NA,NA,NA,NA
751,Pheno 3,2021-08-11T00:00:00Z,August,NA,NA,NA,NA,NA,NA,NA,NA,NA,NA,NA,4.76,NA,NA,NA,NA,NA,NA,NA,NA
752,Pheno 4,2021-08-11T00:00:00Z,August,NA,NA,NA,NA,NA,NA,NA,NA,NA,NA,NA,7.336,NA,NA,NA,NA,NA,NA,NA,NA
753,Pheno 5,2021-08-11T00:00:00Z,August,NA,NA,NA,NA,NA,NA,NA,NA,NA,NA,NA,8.448,NA,NA,NA,NA,NA,NA,NA,NA
754,Pheno 6,2021-08-11T00:00:00Z,August,NA,NA,NA,NA,NA,NA,NA,NA,NA,NA,NA,4.255,NA,NA,NA,NA,NA,NA,NA,NA
755,Pheno 7,2021-08-11T00:00:00Z,August,NA,NA,NA,NA,NA,NA,NA,NA,NA,NA,NA,8.927,NA,NA,NA,NA,NA,NA,NA,NA
756,Pheno 8,2021-08-11T00:00:00Z,August,NA,NA,NA,NA,NA,NA,NA,NA,NA,NA,NA,6.896,NA,NA,NA,NA,NA,NA,NA,NA
757,Pheno 9,2021-08-11T00:00:00Z,August,NA,NA,NA,NA,NA,NA,NA,NA,NA,NA,NA,8.915,NA,NA,NA,NA,NA,NA,NA,NA
758,Pheno 10,2021-08-11T00:00:00Z,August,NA,NA,NA,NA,NA,NA,NA,NA,NA,NA,NA,7.827,NA,NA,NA,NA,NA,NA,NA,NA
759,Pheno 11,2021-08-11T00:00:00Z,August,NA,NA,NA,NA,NA,NA,NA,NA,NA,NA,NA,6.466,NA,NA,NA,NA,NA,NA,NA,NA
760,Pheno 12,2021-08-11T00:00:00Z,August,NA,NA,NA,NA,NA,NA,NA,NA,NA,NA,NA,7.318,NA,NA,NA,NA,NA,NA,NA,NA
761,Pheno 13,2021-08-11T00:00:00Z,August,NA,NA,NA,NA,NA,NA,NA,NA,NA,NA,NA,5.539,NA,NA,NA,NA,NA,NA,NA,NA
762,Pheno 14,2021-08-11T00:00:00Z,August,NA,NA,NA,NA,NA,NA,NA,NA,NA,NA,NA,7.002,NA,NA,NA,NA,NA,NA,NA,NA
763,Pheno 15,2021-08-11T00:00:00Z,August,NA,NA,NA,NA,NA,NA,NA,NA,NA,NA,NA,1.534,NA,NA,NA,NA,NA,NA,NA,NA
764,Pheno 16,2021-08-11T00:00:00Z,August,NA,NA,NA,NA,NA,NA,NA,NA,NA,NA,NA,3.743,NA,NA,NA,NA,NA,NA,NA,NA
765,Pheno 17,2021-08-11T00:00:00Z,August,NA,NA,NA,NA,NA,NA,NA,NA,NA,NA,NA,4.271,NA,NA,NA,NA,NA,NA,NA,NA
766,Pheno 18,2021-08-11T00:00:00Z,August,NA,NA,NA,NA,NA,NA,NA,NA,NA,NA,NA,3.508,NA,NA,NA,NA,NA,NA,NA,NA
767,Pheno 19,2021-08-11T00:00:00Z,August,NA,NA,NA,NA,NA,NA,NA,NA,NA,NA,NA,5.104,NA,NA,NA,NA,NA,NA,NA,NA
768,Pheno 20,2021-08-11T00:00:00Z,August,NA,NA,NA,NA,NA,NA,NA,NA,NA,NA,NA,2.182,NA,NA,NA,NA,NA,NA,NA,NA
769,Pheno 21,2021-08-11T00:00:00Z,August,NA,NA,NA,NA,NA,NA,NA,NA,NA,NA,NA,2.897,NA,NA,NA,NA,NA,NA,NA,NA
770,Pheno 22,2021-08-11T00:00:00Z,August,NA,NA,NA,NA,NA,NA,NA,NA,NA,NA,NA,2.398,NA,NA,NA,NA,NA,NA,NA,NA
771,Pheno 23,2021-08-11T00:00:00Z,August,NA,NA,NA,NA,NA,NA,NA,NA,NA,NA,NA,2.55,NA,NA,NA,NA,NA,NA,NA,NA
772,Pheno 24,2021-08-11T00:00:00Z,August,NA,NA,NA,NA,NA,NA,NA,NA,NA,NA,NA,3.019,NA,NA,NA,NA,NA,NA,NA,NA
