SourceFile,DateTimeOriginal,GPSLongitude,GPSLatitude,GPSAltitude,GPSPosition
./1-2020-03-31-09-55-02.jpg,2020:03:31 09:55:02,-84.3074438888889,30.4451988888889,0,30.4451988888889 -84.3074438888889
./1-2020-04-30-15-45-07.jpg,2020:04:30 15:45:07,-84.30754,30.4452319444444,NA,30.4452319444444 -84.30754
./1-2020-06-01-14-36-38.jpg,2020:06:01 14:36:38,-84.3074138888889,30.4450088888889,8,30.4450088888889 -84.3074138888889
./1-2020-07-09-10-20-45.jpg,2020:07:09 10:20:45,,,NA,NA
./1-2020-08-21-12-43-59.jpg,2020:08:21 12:43:59,,,NA,NA
./1-2020-10-06-14-19-48.jpg,2020:10:06 14:19:48,-84.3073808333333,30.4450677777778,NA,30.4450677777778 -84.3073808333333
./1-2020-11-05-16-27-24.jpg,2020:11:05 16:27:24,-84.307495,30.44515,0,30.44515 -84.307495
./1-2021-01-06-15-57-45.jpg,2021:01:06 15:57:45,-84.3073888888889,30.4451947222222,12,30.4451947222222 -84.3073888888889
./1-2021-02-08-12-29-24.jpg,2021:02:08 12:29:24,-84.3073677777778,30.4451769444444,NA,30.4451769444444 -84.3073677777778
./1-2021-03-18-11-45-28.jpg,2021:03:18 11:45:28,-84.3073619444444,30.4451558333333,9,30.4451558333333 -84.3073619444444
./1-2021-03-18-12-03-00.jpg,2021:03:18 12:03:00,-84.3071819444445,30.4451288888889,41,30.4451288888889 -84.3071819444445
./10-2020-03-31-09-57-07.jpg,2020:03:31 09:57:07,-84.3073258333333,30.4451908333333,NA,30.4451908333333 -84.3073258333333
./10-2020-04-30-15-49-39.jpg,2020:04:30 15:49:39,-84.3072827777778,30.4452097222222,NA,30.4452097222222 -84.3072827777778
./10-2020-06-01-14-38-23.jpg,2020:06:01 14:38:23,-84.3070808333333,30.4451677777778,NA,30.4451677777778 -84.3070808333333
./10-2020-07-09-10-22-40.jpg,2020:07:09 10:22:40,,,NA,NA
./10-2020-08-21-12-46-11.jpg,2020:08:21 12:46:11,,,undef,NA
./10-2020-10-06-14-21-08.jpg,2020:10:06 14:21:08,-84.3072147222222,30.4451069444444,NA,30.4451069444444 -84.3072147222222
./10-2020-11-05-16-28-40.jpg,2020:11:05 16:28:40,-84.3071108333333,30.4451258333333,4,30.4451258333333 -84.3071108333333
./10-2021-01-06-15-59-03.jpg,2021:01:06 15:59:03,-84.3071819444445,30.4451169444444,NA,30.4451169444444 -84.3071819444445
./10-2021-02-08-12-30-47.jpg,2021:02:08 12:30:47,-84.30718,30.44518,NA,30.44518 -84.30718
./10-2021-03-18-11-52-55.jpg,2021:03:18 11:52:55,-84.3071088888889,30.4451477777778,14,30.4451477777778 -84.3071088888889
./10-2021-03-18-12-08-53.jpg,2021:03:18 12:08:53,-84.3071,30.4451769444444,7,30.4451769444444 -84.3071
./11-2020-03-31-10-26-05.jpg,2020:03:31 10:26:05,-84.3069608333333,30.4449919444444,7,30.4449919444444 -84.3069608333333
./11-2020-04-30-16-34-20.jpg,2020:04:30 16:34:20,-84.3070258333333,30.44499,NA,30.44499 -84.3070258333333
./11-2020-06-01-14-39-11.jpg,2020:06:01 14:39:11,-84.306925,30.4450369444444,NA,30.4450369444444 -84.306925
./11-2020-07-09-10-23-17.jpg,2020:07:09 10:23:17,,,undef,NA
./11-2020-08-21-12-46-48.jpg,2020:08:21 12:46:48,,,undef,NA
./11-2020-10-06-14-41-38.jpg,2020:10:06 14:41:38,-84.3069608333333,30.445015,NA,30.445015 -84.3069608333333
./11-2020-11-05-16-29-16.jpg,2020:11:05 16:29:16,-84.3069738888889,30.4449819444444,NA,30.4449819444444 -84.3069738888889
./11-2021-01-06-16-34-08.jpg,2021:01:06 16:34:08,-84.3069269444444,30.4449288888889,NA,30.4449288888889 -84.3069269444444
./11-2021-02-08-13-08-10.jpg,2021:02:08 13:08:10,-84.3069538888889,30.4450519444444,NA,30.4450519444444 -84.3069538888889
./11-2021-03-18-11-53-53.jpg,2021:03:18 11:53:53,-84.3069277777778,30.4450127777778,9,30.4450127777778 -84.3069277777778
./11-2021-03-18-12-14-46.jpg,2021:03:18 12:14:46,-84.3068377777778,30.4450158333333,29,30.4450158333333 -84.3068377777778
./12-2020-03-31-10-26-21.jpg,2020:03:31 10:26:21,-84.3070058333333,30.44499,2,30.44499 -84.3070058333333
./12-2020-04-30-16-34-32.jpg,2020:04:30 16:34:32,-84.3070188888889,30.4449908333333,NA,30.4449908333333 -84.3070188888889
./12-2020-06-01-14-39-22.jpg,2020:06:01 14:39:22,-84.3068327777778,30.4450288888889,6,30.4450288888889 -84.3068327777778
./12-2020-07-09-10-23-29.jpg,2020:07:09 10:23:29,,,undef,NA
./12-2020-08-21-12-46-58.jpg,2020:08:21 12:46:58,,,undef,NA
./12-2020-10-06-14-41-48.jpg,2020:10:06 14:41:48,-84.3069788888889,30.4450238888889,NA,30.4450238888889 -84.3069788888889
./12-2020-11-05-16-29-26.jpg,2020:11:05 16:29:26,-84.3069588888889,30.445,NA,30.445 -84.3069588888889
./12-2021-01-06-16-34-18.jpg,2021:01:06 16:34:18,-84.3068869444444,30.4449277777778,NA,30.4449277777778 -84.3068869444444
./12-2021-02-08-13-08-20.jpg,2021:02:08 13:08:20,-84.3069119444445,30.4450238888889,NA,30.4450238888889 -84.3069119444445
./12-2021-03-18-11-54-01.jpg,2021:03:18 11:54:01,-84.3069138888889,30.4450038888889,9,30.4450038888889 -84.3069138888889
./12-2021-03-18-12-14-54.jpg,2021:03:18 12:14:54,-84.3068438888889,30.4449869444444,25,30.4449869444444 -84.3068438888889
./13-2020-03-31-10-26-35.jpg,2020:03:31 10:26:35,-84.3068969444444,30.4449738888889,NA,30.4449738888889 -84.3068969444444
./13-2020-04-30-16-34-49.jpg,2020:04:30 16:34:49,-84.3069869444444,30.4449769444444,0,30.4449769444444 -84.3069869444444
./13-2020-06-01-14-40-10.jpg,2020:06:01 14:40:10,-84.3069558333333,30.4449088888889,8,30.4449088888889 -84.3069558333333
./13-2020-07-09-10-23-44.jpg,2020:07:09 10:23:44,,,NA,NA
./13-2020-08-21-12-47-12.jpg,2020:08:21 12:47:12,,,NA,NA
./13-2020-10-06-14-42-01.jpg,2020:10:06 14:42:01,-84.306915,30.4449108333333,NA,30.4449108333333 -84.306915
./13-2020-11-05-16-29-37.jpg,2020:11:05 16:29:37,-84.3069338888889,30.4449608333333,NA,30.4449608333333 -84.3069338888889
./13-2021-01-06-16-34-33.jpg,2021:01:06 16:34:33,-84.3067947222222,30.4449138888889,NA,30.4449138888889 -84.3067947222222
./13-2021-02-08-13-08-31.jpg,2021:02:08 13:08:31,-84.3069208333333,30.44498,NA,30.44498 -84.3069208333333
./13-2021-03-18-11-54-12.jpg,2021:03:18 11:54:12,-84.3069258333333,30.4449808333333,20,30.4449808333333 -84.3069258333333
./13-2021-03-18-12-15-03.jpg,2021:03:18 12:15:03,-84.3068169444444,30.4449727777778,17,30.4449727777778 -84.3068169444444
./14-2020-03-31-10-26-52.jpg,2020:03:31 10:26:52,-84.3068938888889,30.44497,NA,30.44497 -84.3068938888889
./14-2020-04-30-16-35-07.jpg,2020:04:30 16:35:07,-84.3069808333333,30.4449688888889,0,30.4449688888889 -84.3069808333333
./14-2020-06-01-14-40-24.jpg,2020:06:01 14:40:24,-84.3069658333333,30.4449088888889,5,30.4449088888889 -84.3069658333333
./14-2020-07-09-10-23-59.jpg,2020:07:09 10:23:59,,,undef,NA
./14-2020-08-21-12-47-27.jpg,2020:08:21 12:47:27,,,NA,NA
./14-2020-10-06-14-42-15.jpg,2020:10:06 14:42:15,-84.3069619444444,30.4448777777778,NA,30.4448777777778 -84.3069619444444
./14-2020-11-05-16-29-51.jpg,2020:11:05 16:29:51,-84.3069297222222,30.4448808333333,NA,30.4448808333333 -84.3069297222222
./14-2021-01-06-16-34-50.jpg,2021:01:06 16:34:50,-84.3068627777778,30.4448369444444,NA,30.4448369444444 -84.3068627777778
./14-2021-02-08-13-08-44.jpg,2021:02:08 13:08:44,-84.3069938888889,30.4450558333333,NA,30.4450558333333 -84.3069938888889
./14-2021-03-18-11-54-25.jpg,2021:03:18 11:54:25,-84.3069538888889,30.4449397222222,17,30.4449397222222 -84.3069538888889
./14-2021-03-18-12-15-17.jpg,2021:03:18 12:15:17,-84.3068669444445,30.44498,18,30.44498 -84.3068669444445
./15-2020-03-31-10-41-56.jpg,2020:03:31 10:41:56,-84.3072008333333,30.4447538888889,NA,30.4447538888889 -84.3072008333333
./15-2020-04-30-16-54-03.jpg,2020:04:30 16:54:03,-84.3073288888889,30.4446308333333,NA,30.4446308333333 -84.3073288888889
./15-2020-06-01-14-41-24.jpg,2020:06:01 14:41:24,-84.307105,30.444845,1,30.444845 -84.307105
./15-2020-07-09-10-35-11.jpg,2020:07:09 10:35:11,,,undef,NA
./15-2020-08-21-12-48-20.jpg,2020:08:21 12:48:20,,,NA,NA
./15-2020-10-06-14-01-43.jpg,2020:10:06 14:01:43,-84.3071977777778,30.4445869444444,NA,30.4445869444444 -84.3071977777778
./15-2020-11-05-16-30-59.jpg,2020:11:05 16:30:59,-84.3071758333333,30.4446677777778,0,30.4446677777778 -84.3071758333333
./15-2021-01-06-17-06-50.jpg,2021:01:06 17:06:50,-84.3071369444445,30.4447527777778,8,30.4447527777778 -84.3071369444445
./15-2021-02-08-13-26-21.jpg,2021:02:08 13:26:21,-84.3071658333333,30.4446988888889,NA,30.4446988888889 -84.3071658333333
./15-2021-03-18-11-56-22.jpg,2021:03:18 11:56:22,-84.3071019444444,30.4446697222222,5,30.4446697222222 -84.3071019444444
./15-2021-03-18-12-18-50.jpg,2021:03:18 12:18:50,-84.307085,30.4446608333333,17,30.4446608333333 -84.307085
./16-2020-03-31-10-42-25.jpg,2020:03:31 10:42:25,-84.3071988888889,30.444735,NA,30.444735 -84.3071988888889
./16-2020-04-30-16-53-48.jpg,2020:04:30 16:53:48,-84.3073397222222,30.4446247222222,NA,30.4446247222222 -84.3073397222222
./16-2020-06-01-14-41-37.jpg,2020:06:01 14:41:37,-84.3072919444444,30.4446877777778,3,30.4446877777778 -84.3072919444444
./16-2020-07-09-10-35-21.jpg,2020:07:09 10:35:21,,,undef,NA
./16-2020-07-09-10-35-28.jpg,2020:07:09 10:35:28,,,undef,NA
./16-2020-08-21-12-48-30.jpg,2020:08:21 12:48:30,,,NA,NA
./16-2020-10-06-14-01-32.jpg,2020:10:06 14:01:32,-84.3072047222222,30.4446008333333,NA,30.4446008333333 -84.3072047222222
./16-2020-11-05-16-31-08.jpg,2020:11:05 16:31:08,-84.30719,30.4446677777778,NA,30.4446677777778 -84.30719
./16-2021-01-06-17-07-02.jpg,2021:01:06 17:07:02,-84.3071569444444,30.4446777777778,7,30.4446777777778 -84.3071569444444
./16-2021-02-08-13-26-31.jpg,2021:02:08 13:26:31,-84.3071069444444,30.4447,NA,30.4447 -84.3071069444444
./16-2021-03-18-11-56-30.jpg,2021:03:18 11:56:30,-84.3071147222222,30.4446638888889,12,30.4446638888889 -84.3071147222222
./16-2021-03-18-12-19-00.jpg,2021:03:18 12:19:00,-84.3071488888889,30.4446569444444,19,30.4446569444444 -84.3071488888889
./17-2020-03-31-10-42-35.jpg,2020:03:31 10:42:35,-84.3071927777778,30.4447288888889,NA,30.4447288888889 -84.3071927777778
./17-2020-04-30-16-53-38.jpg,2020:04:30 16:53:38,-84.3073527777778,30.4446208333333,NA,30.4446208333333 -84.3073527777778
./17-2020-06-01-14-41-48.jpg,2020:06:01 14:41:48,-84.3072869444444,30.4446858333333,6,30.4446858333333 -84.3072869444444
./17-2020-08-21-12-48-41.jpg,2020:08:21 12:48:41,,,NA,NA
./17-2020-10-06-14-01-22.jpg,2020:10:06 14:01:22,-84.3073158333333,30.444675,NA,30.444675 -84.3073158333333
./17-2020-11-05-16-31-16.jpg,2020:11:05 16:31:16,-84.3072319444444,30.4446658333333,NA,30.4446658333333 -84.3072319444444
./17-2021-01-06-17-07-38.jpg,2021:01:06 17:07:38,-84.307225,30.4446877777778,4,30.4446877777778 -84.307225
./17-2021-02-08-13-26-49.jpg,2021:02:08 13:26:49,-84.3071669444444,30.4446969444444,NA,30.4446969444444 -84.3071669444444
./17-2021-03-18-11-56-41.jpg,2021:03:18 11:56:41,-84.3071338888889,30.4446427777778,13,30.4446427777778 -84.3071338888889
./17-2021-03-18-12-19-30.jpg,2021:03:18 12:19:30,-84.3071658333333,30.4446608333333,13,30.4446608333333 -84.3071658333333
./18-2020-03-31-10-42-48.jpg,2020:03:31 10:42:48,-84.3071838888889,30.4447147222222,NA,30.4447147222222 -84.3071838888889
./18-2020-04-30-16-53-28.jpg,2020:04:30 16:53:28,-84.3073608333333,30.4446219444444,NA,30.4446219444444 -84.3073608333333
./18-2020-06-01-14-41-58.jpg,2020:06:01 14:41:58,-84.3072788888889,30.4446788888889,3,30.4446788888889 -84.3072788888889
./18-2020-07-09-10-36-09.jpg,2020:07:09 10:36:09,,,undef,NA
./18-2020-08-21-12-48-54.jpg,2020:08:21 12:48:54,,,NA,NA
./18-2020-10-06-14-01-13.jpg,2020:10:06 14:01:13,-84.3073127777778,30.4446327777778,NA,30.4446327777778 -84.3073127777778
./18-2020-11-05-16-31-25.jpg,2020:11:05 16:31:25,-84.3072269444444,30.444675,NA,30.444675 -84.3072269444444
./18-2021-01-06-17-07-46.jpg,2021:01:06 17:07:46,-84.3071947222222,30.4446888888889,1,30.4446888888889 -84.3071947222222
./18-2021-02-08-13-26-58.jpg,2021:02:08 13:26:58,-84.3071758333333,30.4446947222222,NA,30.4446947222222 -84.3071758333333
./18-2021-03-18-11-56-48.jpg,2021:03:18 11:56:48,-84.3071419444444,30.4446508333333,11,30.4446508333333 -84.3071419444444
./18-2021-03-18-12-20-55.jpg,2021:03:18 12:20:55,-84.3072177777778,30.4446877777778,16,30.4446877777778 -84.3072177777778
./19-2020-03-31-10-42-58.jpg,2020:03:31 10:42:58,-84.3071869444444,30.4447119444444,NA,30.4447119444444 -84.3071869444444
./19-2020-04-30-16-53-19.jpg,2020:04:30 16:53:19,-84.3073658333333,30.44462,NA,30.44462 -84.3073658333333
./19-2020-06-01-14-42-09.jpg,2020:06:01 14:42:09,-84.3072788888889,30.444675,7,30.444675 -84.3072788888889
./19-2020-07-09-10-36-19.jpg,2020:07:09 10:36:19,,,undef,NA
./19-2020-08-21-12-49-09.jpg,2020:08:21 12:49:09,,,NA,NA
./19-2020-10-06-14-01-04.jpg,2020:10:06 14:01:04,-84.3072088888889,30.4446369444444,NA,30.4446369444444 -84.3072088888889
./19-2020-11-05-16-31-33.jpg,2020:11:05 16:31:33,-84.3072708333333,30.4446688888889,0,30.4446688888889 -84.3072708333333
./19-2021-01-06-17-07-56.jpg,2021:01:06 17:07:56,-84.3072158333333,30.4446938888889,NA,30.4446938888889 -84.3072158333333
./19-2021-02-08-13-27-07.jpg,2021:02:08 13:27:07,-84.30718,30.4446947222222,NA,30.4446947222222 -84.30718
./19-2021-03-18-11-57-33.jpg,2021:03:18 11:57:33,-84.3072147222222,30.4447269444444,0,30.4447269444444 -84.3072147222222
./19-2021-03-18-12-21-03.jpg,2021:03:18 12:21:03,-84.3073019444444,30.4447288888889,16,30.4447288888889 -84.3073019444444
./2-2020-03-31-09-55-29.jpg,2020:03:31 09:55:29,-84.3074269444444,30.4451858333333,NA,30.4451858333333 -84.3074269444444
./2-2020-04-30-15-47-53.jpg,2020:04:30 15:47:53,-84.3073238888889,30.4451127777778,NA,30.4451127777778 -84.3073238888889
./2-2020-06-01-14-36-58.jpg,2020:06:01 14:36:58,-84.3073758333333,30.4450358333333,0,30.4450358333333 -84.3073758333333
./2-2020-07-09-10-21-19.jpg,2020:07:09 10:21:19,,,NA,NA
./2-2020-08-21-12-44-22.jpg,2020:08:21 12:44:22,,,NA,NA
./2-2020-10-06-14-19-58.jpg,2020:10:06 14:19:58,-84.3073658333333,30.4451077777778,NA,30.4451077777778 -84.3073658333333
./2-2020-11-05-16-27-33.jpg,2020:11:05 16:27:33,-84.3074069444444,30.4451538888889,0,30.4451538888889 -84.3074069444444
./2-2021-01-06-15-57-56.jpg,2021:01:06 15:57:56,-84.3073577777778,30.4451869444444,16,30.4451869444444 -84.3073577777778
./2-2021-02-08-12-29-36.jpg,2021:02:08 12:29:36,-84.3073758333333,30.4451827777778,NA,30.4451827777778 -84.3073758333333
./2-2021-03-18-11-47-22.jpg,2021:03:18 11:47:22,-84.3073319444444,30.4451727777778,7,30.4451727777778 -84.3073319444444
./2-2021-03-18-12-03-09.jpg,2021:03:18 12:03:09,-84.3073008333333,30.4452427777778,11,30.4452427777778 -84.3073008333333
./20-2020-03-31-10-43-09.jpg,2020:03:31 10:43:09,-84.3071919444444,30.4447127777778,NA,30.4447127777778 -84.3071919444444
./20-2020-04-30-16-53-04.jpg,2020:04:30 16:53:04,-84.3073838888889,30.4446158333333,NA,30.4446158333333 -84.3073838888889
./20-2020-06-01-14-42-21.jpg,2020:06:01 14:42:21,-84.3072769444444,30.4446688888889,8,30.4446688888889 -84.3072769444444
./20-2020-07-09-10-36-28.jpg,2020:07:09 10:36:28,,,undef,NA
./20-2020-08-21-12-49-23.jpg,2020:08:21 12:49:23,,,undef,NA
./20-2020-10-06-14-00-55.jpg,2020:10:06 14:00:55,-84.3072638888889,30.4446369444444,NA,30.4446369444444 -84.3072638888889
./20-2020-11-05-16-31-42.jpg,2020:11:05 16:31:42,-84.3072997222222,30.444735,NA,30.444735 -84.3072997222222
./20-2021-01-06-17-08-22.jpg,2021:01:06 17:08:22,-84.3071977777778,30.4446969444444,NA,30.4446969444444 -84.3071977777778
./20-2021-02-08-13-27-17.jpg,2021:02:08 13:27:17,-84.3071838888889,30.4446877777778,NA,30.4446877777778 -84.3071838888889
./20-2021-03-18-11-57-40.jpg,2021:03:18 11:57:40,-84.3072547222222,30.4446469444444,NA,30.4446469444444 -84.3072547222222
./20-2021-03-18-12-21-35.jpg,2021:03:18 12:21:35,-84.3072577777778,30.4447,9,30.4447 -84.3072577777778
./21-2020-03-31-10-43-19.jpg,2020:03:31 10:43:19,-84.3072069444444,30.4447119444444,NA,30.4447119444444 -84.3072069444444
./21-2020-04-30-16-52-18.jpg,2020:04:30 16:52:18,-84.3074038888889,30.4446147222222,NA,30.4446147222222 -84.3074038888889
./21-2020-06-01-14-42-40.jpg,2020:06:01 14:42:40,-84.30736,30.4446569444444,5,30.4446569444444 -84.30736
./21-2020-07-09-10-36-39.jpg,2020:07:09 10:36:39,,,undef,NA
./21-2020-08-21-12-49-37.jpg,2020:08:21 12:49:37,,,NA,NA
./21-2020-10-06-14-00-47.jpg,2020:10:06 14:00:47,-84.3073777777778,30.4446119444444,NA,30.4446119444444 -84.3073777777778
./21-2020-11-05-16-31-52.jpg,2020:11:05 16:31:52,-84.3072858333333,30.4447269444444,NA,30.4447269444444 -84.3072858333333
./21-2021-01-06-17-08-39.jpg,2021:01:06 17:08:39,-84.307225,30.4446969444444,NA,30.4446969444444 -84.307225
./21-2021-02-08-13-27-26.jpg,2021:02:08 13:27:26,-84.3071877777778,30.4446858333333,NA,30.4446858333333 -84.3071877777778
./21-2021-03-18-11-57-49.jpg,2021:03:18 11:57:49,-84.3072577777778,30.4447,0,30.4447 -84.3072577777778
./21-2021-03-18-12-21-43.jpg,2021:03:18 12:21:43,-84.3072497222222,30.4447,10,30.4447 -84.3072497222222
./22-2020-03-31-10-43-29.jpg,2020:03:31 10:43:29,-84.3072227777778,30.4447138888889,NA,30.4447138888889 -84.3072227777778
./22-2020-04-30-16-52-09.jpg,2020:04:30 16:52:09,-84.30741,30.4446058333333,NA,30.4446058333333 -84.30741
./22-2020-06-01-14-42-51.jpg,2020:06:01 14:42:51,-84.3073538888889,30.4446808333333,4,30.4446808333333 -84.3073538888889
./22-2020-07-09-10-36-48.jpg,2020:07:09 10:36:48,,,undef,NA
./22-2020-08-21-12-49-50.jpg,2020:08:21 12:49:50,,,undef,NA
./22-2020-10-06-14-00-38.jpg,2020:10:06 14:00:38,-84.3073827777778,30.4446277777778,NA,30.4446277777778 -84.3073827777778
./22-2020-11-05-16-32-01.jpg,2020:11:05 16:32:01,-84.3073138888889,30.4447027777778,NA,30.4447027777778 -84.3073138888889
./22-2021-01-06-17-08-54.jpg,2021:01:06 17:08:54,-84.3072458333333,30.4446977777778,NA,30.4446977777778 -84.3072458333333
./22-2021-02-08-13-27-34.jpg,2021:02:08 13:27:34,-84.3072027777778,30.4446877777778,NA,30.4446877777778 -84.3072027777778
./22-2021-03-18-11-57-57.jpg,2021:03:18 11:57:57,-84.3072627777778,30.4446888888889,7,30.4446888888889 -84.3072627777778
./22-2021-03-18-12-21-51.jpg,2021:03:18 12:21:51,-84.3072608333333,30.4447069444444,11,30.4447069444444 -84.3072608333333
./23-2020-03-31-10-43-38.jpg,2020:03:31 10:43:38,-84.3072227777778,30.4447138888889,NA,30.4447138888889 -84.3072227777778
./23-2020-04-30-16-51-59.jpg,2020:04:30 16:51:59,-84.3074169444444,30.4446027777778,NA,30.4446027777778 -84.3074169444444
./23-2020-06-01-14-43-05.jpg,2020:06:01 14:43:05,-84.3074619444444,30.4446688888889,3,30.4446688888889 -84.3074619444444
./23-2020-07-09-10-36-57.jpg,2020:07:09 10:36:57,,,undef,NA
./23-2020-08-21-12-50-05.jpg,2020:08:21 12:50:05,,,undef,NA
./23-2020-10-06-14-00-28.jpg,2020:10:06 14:00:28,-84.3074588888889,30.4445969444444,NA,30.4445969444444 -84.3074588888889
./23-2020-11-05-16-32-10.jpg,2020:11:05 16:32:10,-84.3074288888889,30.4447,NA,30.4447 -84.3074288888889
./23-2021-01-06-17-09-09.jpg,2021:01:06 17:09:09,-84.3072869444444,30.4446988888889,NA,30.4446988888889 -84.3072869444444
./23-2021-02-08-13-27-44.jpg,2021:02:08 13:27:44,-84.3073219444444,30.4446677777778,NA,30.4446677777778 -84.3073219444444
./23-2021-03-18-12-21-59.jpg,2021:03:18 12:21:59,-84.3072869444444,30.4447027777778,8,30.4447027777778 -84.3072869444444
./24-2020-03-31-10-43-48.jpg,2020:03:31 10:43:48,-84.3072288888889,30.4447127777778,NA,30.4447127777778 -84.3072288888889
./24-2020-04-30-16-51-47.jpg,2020:04:30 16:51:47,-84.3074297222222,30.4445977777778,NA,30.4445977777778 -84.3074297222222
./24-2020-06-01-14-43-17.jpg,2020:06:01 14:43:17,-84.3074688888889,30.4446608333333,NA,30.4446608333333 -84.3074688888889
./24-2020-07-09-10-37-06.jpg,2020:07:09 10:37:06,,,undef,NA
./24-2020-08-21-12-50-21.jpg,2020:08:21 12:50:21,,,undef,NA
./24-2020-10-06-14-00-20.jpg,2020:10:06 14:00:20,-84.3074758333333,30.4445538888889,NA,30.4445538888889 -84.3074758333333
./24-2020-11-05-16-32-22.jpg,2020:11:05 16:32:22,-84.3074277777778,30.4447069444444,NA,30.4447069444444 -84.3074277777778
./24-2021-01-06-17-09-21.jpg,2021:01:06 17:09:21,-84.3073777777778,30.4446658333333,7,30.4446658333333 -84.3073777777778
./24-2021-02-08-13-27-52.jpg,2021:02:08 13:27:52,-84.3073897222222,30.4446577777778,NA,30.4446577777778 -84.3073897222222
./24-2021-03-18-12-23-29.jpg,2021:03:18 12:23:29,-84.3073497222222,30.4447038888889,15,30.4447038888889 -84.3073497222222
./3-2020-03-31-09-55-38.jpg,2020:03:31 09:55:38,-84.3074138888889,30.4451847222222,NA,30.4451847222222 -84.3074138888889
./3-2020-04-30-15-48-12.jpg,2020:04:30 15:48:12,-84.3073427777778,30.4451088888889,NA,30.4451088888889 -84.3073427777778
./3-2020-06-01-14-37-08.jpg,2020:06:01 14:37:08,-84.3073869444444,30.4450747222222,NA,30.4450747222222 -84.3073869444444
./3-2020-07-09-10-21-29.jpg,2020:07:09 10:21:29,,,NA,NA
./3-2020-08-21-12-44-36.jpg,2020:08:21 12:44:36,,,NA,NA
./3-2020-10-06-14-20-06.jpg,2020:10:06 14:20:06,-84.307355,30.4451538888889,NA,30.4451538888889 -84.307355
./3-2020-11-05-16-27-41.jpg,2020:11:05 16:27:41,-84.3073977777778,30.4451838888889,1,30.4451838888889 -84.3073977777778
./3-2021-01-06-15-58-04.jpg,2021:01:06 15:58:04,-84.3073419444444,30.4451819444444,9,30.4451819444444 -84.3073419444444
./3-2021-02-08-12-29-46.jpg,2021:02:08 12:29:46,-84.3074169444444,30.4451977777778,NA,30.4451977777778 -84.3074169444444
./3-2021-03-18-11-47-33.jpg,2021:03:18 11:47:33,-84.3073277777778,30.4451238888889,0,30.4451238888889 -84.3073277777778
./3-2021-03-18-11-48-12.jpg,2021:03:18 11:48:12,-84.3073519444444,30.4451588888889,10,30.4451588888889 -84.3073519444444
./3-2021-03-18-12-03-16.jpg,2021:03:18 12:03:16,-84.3072997222222,30.445225,3,30.445225 -84.3072997222222
./4-2020-03-31-09-55-48.jpg,2020:03:31 09:55:48,-84.3074027777778,30.4451877777778,NA,30.4451877777778 -84.3074027777778
./4-2020-04-30-15-48-25.jpg,2020:04:30 15:48:25,-84.3073527777778,30.4451158333333,NA,30.4451158333333 -84.3073527777778
./4-2020-06-01-14-37-17.jpg,2020:06:01 14:37:17,-84.3073758333333,30.4450708333333,NA,30.4450708333333 -84.3073758333333
./4-2020-07-09-10-21-39.jpg,2020:07:09 10:21:39,,,NA,NA
./4-2020-08-21-12-44-51.jpg,2020:08:21 12:44:51,,,NA,NA
./4-2020-10-06-14-20-14.jpg,2020:10:06 14:20:14,-84.3073847222222,30.4451977777778,4,30.4451977777778 -84.3073847222222
./4-2020-11-05-16-27-48.jpg,2020:11:05 16:27:48,-84.3074038888889,30.4451947222222,0,30.4451947222222 -84.3074038888889
./4-2021-01-06-15-58-13.jpg,2021:01:06 15:58:13,-84.3073377777778,30.4451819444444,10,30.4451819444444 -84.3073377777778
./4-2021-02-08-12-29-55.jpg,2021:02:08 12:29:55,-84.3074338888889,30.4452177777778,NA,30.4452177777778 -84.3074338888889
./4-2021-03-18-11-50-07.jpg,2021:03:18 11:50:07,-84.3073227777778,30.4451669444444,11,30.4451669444444 -84.3073227777778
./4-2021-03-18-12-03-24.jpg,2021:03:18 12:03:24,-84.3072727777778,30.4451919444444,13,30.4451919444444 -84.3072727777778
./5-2020-03-31-09-56-01.jpg,2020:03:31 09:56:01,-84.3073897222222,30.4451847222222,0,30.4451847222222 -84.3073897222222
./5-2020-04-30-15-48-40.jpg,2020:04:30 15:48:40,-84.3073458333333,30.4451208333333,NA,30.4451208333333 -84.3073458333333
./5-2020-06-01-14-37-28.jpg,2020:06:01 14:37:28,-84.3073688888889,30.4450819444444,NA,30.4450819444444 -84.3073688888889
./5-2020-07-09-10-21-47.jpg,2020:07:09 10:21:47,,,NA,NA
./5-2020-08-21-12-45-02.jpg,2020:08:21 12:45:02,,,NA,NA
./5-2020-10-06-14-20-22.jpg,2020:10:06 14:20:22,-84.30731,30.4451708333333,0,30.4451708333333 -84.30731
./5-2020-11-05-16-27-55.jpg,2020:11:05 16:27:55,-84.3073769444444,30.44518,NA,30.44518 -84.3073769444444
./5-2021-01-06-15-58-23.jpg,2021:01:06 15:58:23,-84.3073269444444,30.4451577777778,2,30.4451577777778 -84.3073269444444
./5-2021-02-08-12-30-04.jpg,2021:02:08 12:30:04,-84.3073347222222,30.4451888888889,NA,30.4451888888889 -84.3073347222222
./5-2021-03-18-11-50-16.jpg,2021:03:18 11:50:16,-84.3073008333333,30.4451738888889,11,30.4451738888889 -84.3073008333333
./5-2021-03-18-12-03-30.jpg,2021:03:18 12:03:30,-84.3072319444444,30.4451669444444,12,30.4451669444444 -84.3072319444444
./6-2020-03-31-09-56-24.jpg,2020:03:31 09:56:24,-84.3073608333333,30.4451938888889,0,30.4451938888889 -84.3073608333333
./6-2020-04-30-15-48-52.jpg,2020:04:30 15:48:52,-84.3073297222222,30.445135,NA,30.445135 -84.3073297222222
./6-2020-06-01-14-37-40.jpg,2020:06:01 14:37:40,-84.3073488888889,30.4451258333333,NA,30.4451258333333 -84.3073488888889
./6-2020-07-09-10-21-59.jpg,2020:07:09 10:21:59,,,NA,NA
./6-2020-08-21-12-45-13.jpg,2020:08:21 12:45:13,,,NA,NA
./6-2020-10-06-14-20-30.jpg,2020:10:06 14:20:30,-84.307235,30.4451127777778,NA,30.4451127777778 -84.307235
./6-2020-11-05-16-28-02.jpg,2020:11:05 16:28:02,-84.3073508333333,30.44517,NA,30.44517 -84.3073508333333
./6-2021-01-06-15-58-32.jpg,2021:01:06 15:58:32,-84.3073108333333,30.4451669444444,3,30.4451669444444 -84.3073108333333
./6-2021-02-08-12-30-13.jpg,2021:02:08 12:30:13,-84.3072958333333,30.4451458333333,NA,30.4451458333333 -84.3072958333333
./6-2021-03-18-11-50-25.jpg,2021:03:18 11:50:25,-84.3072669444445,30.4451677777778,13,30.4451677777778 -84.3072669444445
./6-2021-03-18-12-08-04.jpg,2021:03:18 12:08:04,-84.3072058333333,30.44517,17,30.44517 -84.3072058333333
./7-2020-03-31-09-56-35.jpg,2020:03:31 09:56:35,-84.3073538888889,30.4451958333333,NA,30.4451958333333 -84.3073538888889
./7-2020-04-30-15-49-03.jpg,2020:04:30 15:49:03,-84.3073338888889,30.4452119444444,NA,30.4452119444444 -84.3073338888889
./7-2020-06-01-14-37-50.jpg,2020:06:01 14:37:50,-84.307275,30.4451388888889,1,30.4451388888889 -84.307275
./7-2020-07-09-10-22-09.jpg,2020:07:09 10:22:09,,,NA,NA
./7-2020-08-21-12-45-30.jpg,2020:08:21 12:45:30,,,undef,NA
./7-2020-10-06-14-20-40.jpg,2020:10:06 14:20:40,-84.3072897222222,30.4450947222222,NA,30.4450947222222 -84.3072897222222
./7-2020-11-05-16-28-10.jpg,2020:11:05 16:28:10,-84.3072477777778,30.4451619444444,NA,30.4451619444444 -84.3072477777778
./7-2021-01-06-15-58-41.jpg,2021:01:06 15:58:41,-84.3071788888889,30.4451669444444,0,30.4451669444444 -84.3071788888889
./7-2021-02-08-12-30-21.jpg,2021:02:08 12:30:21,-84.3072547222222,30.4452027777778,6,30.4452027777778 -84.3072547222222
./7-2021-03-18-11-50-34.jpg,2021:03:18 11:50:34,-84.3071569444444,30.4451458333333,17,30.4451458333333 -84.3071569444444
./7-2021-03-18-12-08-11.jpg,2021:03:18 12:08:11,-84.3071597222222,30.4451677777778,18,30.4451677777778 -84.3071597222222
./8-2020-03-31-09-56-45.jpg,2020:03:31 09:56:45,-84.3073408333333,30.4451958333333,0,30.4451958333333 -84.3073408333333
./8-2020-04-30-15-49-14.jpg,2020:04:30 15:49:14,-84.3073208333333,30.445215,NA,30.445215 -84.3073208333333
./8-2020-06-01-14-38-00.jpg,2020:06:01 14:38:00,-84.3071547222222,30.4451869444444,NA,30.4451869444444 -84.3071547222222
./8-2020-07-09-10-22-18.jpg,2020:07:09 10:22:18,,,NA,NA
./8-2020-08-21-12-45-42.jpg,2020:08:21 12:45:42,,,undef,NA
./8-2020-10-06-14-20-49.jpg,2020:10:06 14:20:49,-84.3072519444444,30.4451197222222,NA,30.4451197222222 -84.3072519444444
./8-2020-11-05-16-28-18.jpg,2020:11:05 16:28:18,-84.3072427777778,30.4451747222222,13,30.4451747222222 -84.3072427777778
./8-2021-01-06-15-58-48.jpg,2021:01:06 15:58:48,-84.3071358333333,30.4451527777778,NA,30.4451527777778 -84.3071358333333
./8-2021-02-08-12-30-30.jpg,2021:02:08 12:30:30,-84.3072377777778,30.4451708333333,5,30.4451708333333 -84.3072377777778
./8-2021-03-18-11-52-39.jpg,2021:03:18 11:52:39,-84.3071197222222,30.4451508333333,18,30.4451508333333 -84.3071197222222
./8-2021-03-18-12-08-22.jpg,2021:03:18 12:08:22,-84.3071519444444,30.4451619444444,14,30.4451619444444 -84.3071519444444
./9-2020-03-31-09-56-54.jpg,2020:03:31 09:56:54,-84.3073338888889,30.4451919444444,NA,30.4451919444444 -84.3073338888889
./9-2020-04-30-15-49-26.jpg,2020:04:30 15:49:26,-84.3073119444445,30.4452188888889,NA,30.4452188888889 -84.3073119444445
./9-2020-06-01-14-38-10.jpg,2020:06:01 14:38:10,-84.3071038888889,30.4451847222222,NA,30.4451847222222 -84.3071038888889
./9-2020-07-09-10-22-27.jpg,2020:07:09 10:22:27,,,NA,NA
./9-2020-08-21-12-45-56.jpg,2020:08:21 12:45:56,,,NA,NA
./9-2020-10-06-14-20-58.jpg,2020:10:06 14:20:58,-84.3072419444444,30.4451238888889,NA,30.4451238888889 -84.3072419444444
./9-2020-11-05-16-28-29.jpg,2020:11:05 16:28:29,-84.3071708333333,30.4451188888889,NA,30.4451188888889 -84.3071708333333
./9-2021-01-06-15-58-56.jpg,2021:01:06 15:58:56,-84.3071619444444,30.4451238888889,NA,30.4451238888889 -84.3071619444444
./9-2021-02-08-12-30-38.jpg,2021:02:08 12:30:38,-84.3072008333333,30.4451619444444,2,30.4451619444444 -84.3072008333333
./9-2021-03-18-11-52-47.jpg,2021:03:18 11:52:47,-84.3071208333333,30.4451519444444,19,30.4451519444444 -84.3071208333333
./9-2021-03-18-12-08-45.jpg,2021:03:18 12:08:45,-84.307145,30.4451719444444,5,30.4451719444444 -84.307145
./Church Project 1-2020-02-11-11-01-59.jpg,2020:02:11 11:01:59,-84.3074408333333,30.4452427777778,14,30.4452427777778 -84.3074408333333
./Church Project 10-2020-02-11-11-06-09.jpg,2020:02:11 11:06:09,-84.3071577777778,30.4447008333333,2,30.4447008333333 -84.3071577777778
./Church Project 11-2020-02-11-11-06-42.jpg,2020:02:11 11:06:42,-84.3074369444444,30.4447127777778,0,30.4447127777778 -84.3074369444444
./Church Project 12-2020-02-11-11-06-55.jpg,2020:02:11 11:06:55,-84.3074408333333,30.4447538888889,NA,30.4447538888889 -84.3074408333333
./Church Project 2-2020-02-11-11-02-31.jpg,2020:02:11 11:02:31,-84.3074369444444,30.4452277777778,15,30.4452277777778 -84.3074369444444
./Church Project 3-2020-02-11-11-03-09.jpg,2020:02:11 11:03:09,-84.3071369444445,30.4451647222222,14,30.4451647222222 -84.3071369444445
./Church Project 4-2020-02-11-11-03-23.jpg,2020:02:11 11:03:23,-84.3071197222222,30.44518,17,30.44518 -84.3071197222222
./Church Project 5-2020-02-11-11-03-56.jpg,2020:02:11 11:03:56,-84.3069027777778,30.4451027777778,NA,30.4451027777778 -84.3069027777778
./Church Project 6-2020-02-11-11-04-10.jpg,2020:02:11 11:04:10,-84.3069258333333,30.4450558333333,NA,30.4450558333333 -84.3069258333333
./Church Project 7-2020-02-11-11-04-34.jpg,2020:02:11 11:04:34,-84.3069388888889,30.4449608333333,NA,30.4449608333333 -84.3069388888889
./Church Project 8-2020-02-11-11-04-52.jpg,2020:02:11 11:04:52,-84.3069769444444,30.4449819444444,NA,30.4449819444444 -84.3069769444444
./Church Project 9-2020-02-11-11-05-57.jpg,2020:02:11 11:05:57,-84.3071319444444,30.4448208333333,NA,30.4448208333333 -84.3071319444444
